hour,indoor_temp,cooling_setpoint,outdoor_temp,outdoor_temp_predicted,cooling_demand,elec_price,carbon_intensity,solar_generation,occupant_count,electrical_storage_soc,dhw_storage_soc,dhw_demand,cooling_device,dhw_storage,electrical_storage,reward
1,23.098651885986328,23.222221,24.66,24.9106388092041,1.1192156,0.028929999098181725,0.4024883508682251,0.0,3.0,0.2,0.0,0.055682074,0.1,0.7,0.5,-0.12356948852539062
2,22.234743118286133,22.222221,24.07,27.076562881469727,1.4696382,0.028929999098181725,0.38262462615966797,0.0,3.0,0.0,0.0,0.15933841,0.1,0.7,0.6,0.0
3,22.223060607910156,22.222221,23.9,29.35183334350586,1.4583724,0.028929999098181725,0.36945828795433044,0.0,3.0,0.0,0.0,0.057004254,0.1,0.7,0.6,0.0
4,22.22224998474121,22.222221,23.87,31.032974243164062,1.3373424,0.028929999098181725,0.36701688170433044,0.0,3.0,0.0,0.0,0.0,0.1,0.7,0.6,0.0
5,22.22223663330078,22.222221,23.83,33.81446838378906,1.1634532,0.028929999098181725,0.3740399181842804,0.0,3.0,0.0,0.0,0.0,0.1,0.7,0.6,0.0
6,22.22223663330078,22.222221,23.85,36.44267272949219,1.3357149,0.028929999098181725,0.38520413637161255,0.0,3.0,0.0,0.0,0.33483398,0.1,-0.01,0.6,0.0
7,22.222230911254883,22.222221,24.98,36.919559478759766,1.2389414,0.028929999098181725,0.3954150080680847,0.0607952362060547,2.0,0.0,0.0,0.9058187,0.1,-0.01,0.6,0.0
8,22.332555770874023,22.333334,26.94,38.97854232788086,1.319662,0.02914999984204769,0.4111834764480591,0.2191260864257813,2.0,0.0,0.0,0.0,0.1,-0.01,0.0,-0.0007781982421875
9,22.77179718017578,22.777779,29.3,39.55098342895508,4.0250163,0.02914999984204769,0.4328323006629944,0.5327400512695314,2.0,0.0,0.0,3.3150163,0.1,-0.01,0.0,-0.0059814453125
10,23.266788482666016,23.333334,31.66,39.498924255371094,2.458844,0.02914999984204769,0.4284854531288147,0.9639457763671876,1.0,0.0,0.0,0.21539555,0.1,0.8,0.0,-0.06654548645019531
11,24.406890869140625,24.444445,33.87,40.08525466918945,1.6538339,0.02914999984204769,0.4575992524623871,1.355784814453125,1.0,0.0,0.0,0.0,0.1,0.8,0.9,-0.03755378723144531
12,24.444318771362305,24.444445,35.9,37.527286529541016,3.2172143,0.02914999984204769,0.4874681830406189,1.6054357910156252,1.0,0.0,0.0,1.6562988,0.2,0.8,0.9,-0.000125885009765625
13,24.44445037841797,24.444445,37.51,36.916812896728516,3.0492523,0.02914999984204769,0.49153634905815125,1.6411171875000001,1.0,0.0,0.0,0.2264962,0.2,0.8,0.9,0.0
14,24.4444522857666,24.444445,38.69,32.41205596923828,3.5096958,0.02914999984204769,0.4876479208469391,1.6491804199218751,0.0,0.0,0.0,0.0,0.2,0.8,0.9,-2.3191593730334716
15,24.4444580078125,24.444445,39.3,30.835533142089844,4.31503,0.02914999984204769,0.479716032743454,1.54800966796875,0.0,0.0,0.0,0.22648923,0.2,0.8,0.9,-4.74588379036868
16,24.444454193115234,24.444445,39.53,30.552141189575195,6.009754,0.05866999924182892,0.47150129079818726,1.3278533203125003,1.0,0.0,0.0,1.0209699,0.2,0.4,0.6,-8.558611138505512
17,23.58162498474121,23.555555,39.16,28.479679107666016,7.337235,0.05866999924182892,0.4600435197353363,1.0113387451171876,0.0,0.0,0.0,0.4529948,0.2,0.7,0.6,-17.638420292936644
18,25.53244972229004,25.555555,38.12,26.891977310180664,4.635886,0.05866999924182892,0.44940948486328125,0.5935589355468751,2.0,0.0,0.0,0.0,0.1,-0.01,0.0,-12.405245313133491
19,26.459463119506836,26.5,36.11,24.893062591552734,2.425167,0.02914999984204769,0.4388800859451294,0.16157204589843752,3.0,0.0,0.0,0.0,0.1,-0.01,0.0,-8.229932299946086
20,24.512662887573242,24.444445,32.61,26.027912139892578,3.6458,0.02914999984204769,0.4360905885696411,0.0,3.0,0.0,0.0,0.45299163,0.1,-0.01,0.0,-21.869155745753233
21,21.815444946289062,21.666666,31.19,23.88933753967285,8.104759,0.02914999984204769,0.44039642810821533,0.0,2.0,0.0,0.0,0.0,0.1,-0.01,0.0,-52.678472521951335
22,24.361370086669922,24.444445,29.6,24.212108612060547,2.9250584,0.02914999984204769,0.447145938873291,0.0,2.0,0.0,0.0,0.4529954,0.1,-0.01,0.6,-16.32834286545767
23,22.88100814819336,22.833334,28.04,23.86545181274414,3.1341848,0.028929999098181725,0.4496636390686035,0.0,2.0,0.0,0.0,0.0,0.1,0.7,0.6,-28.853114867248223
24,20.81880760192871,20.722221,26.8,25.31902313232422,6.387691,0.028929999098181725,0.4430617690086365,0.0,2.0,0.0,0.0,0.0,0.1,0.7,0.6,-50.28984966351709
1,20.55874252319336,20.555555,25.85,24.826820373535156,6.112397,0.028929999098181725,0.43100208044052124,0.0,2.0,0.0,0.0,0.0,0.1,0.7,0.6,-44.943571194835386
2,21.59804344177246,21.666666,25.19,28.00714111328125,3.2023733,0.028929999098181725,0.39826324582099915,0.0,2.0,0.0,0.0,0.0,0.1,0.7,0.6,-24.829792801032454
3,22.219463348388672,22.222221,24.85,28.57555389404297,1.6611965,0.028929999098181725,0.38313132524490356,0.0,2.0,0.0,0.0,0.0,0.1,0.7,0.6,-14.888003880681936
4,22.222187042236328,22.222221,24.76,31.37348747253418,1.3634886,0.028929999098181725,0.37263354659080505,0.0,2.0,0.0,0.0,0.0,0.1,0.7,0.6,-11.423582039788016
5,22.222230911254883,22.222221,24.75,34.88600158691406,1.5253298,0.028929999098181725,0.3710111677646637,0.0,3.0,0.0,0.0,0.0,0.1,0.7,0.6,-9.414197202204377
6,22.222021102905273,22.222221,24.69,36.86639404296875,1.6484553,0.028929999098181725,0.36689993739128113,0.0,3.0,0.0,0.0,0.0,0.1,-0.01,0.6,-7.810778013023082
7,22.222225189208984,22.222221,25.41,38.79588317871094,1.7824824,0.028929999098181725,0.37266984581947327,0.07059253692626954,3.0,0.0,0.0,0.0,0.1,-0.01,0.6,-7.716414373498992
8,22.331993103027344,22.333334,27.01,39.334327697753906,1.8510537,0.028929999098181725,0.3815459609031677,0.3245435302734376,3.0,0.0,0.0,0.0,0.1,-0.01,0.0,-8.514875564273098
9,24.259183883666992,24.444445,29.38,40.44803237915039,0.3867634,0.028929999098181725,0.406686007976532,0.7166712158203126,2.0,0.0,0.0,0.0,0.2,-0.01,0.0,0.0
10,24.444231033325195,24.444445,32.06,40.09043502807617,1.0734125,0.028929999098181725,0.4241216480731964,1.1185552734375002,2.0,0.0,0.0,0.225318,0.1,0.8,0.0,-2.326560534129385
11,24.444448471069336,24.444445,34.51,39.0451774597168,2.0327563,0.028929999098181725,0.46214747428894043,1.3996609863281253,2.0,0.0,0.0,0.0,0.1,0.8,0.9,-5.606367309552297
12,24.444448471069336,24.444445,36.64,37.700897216796875,2.8338466,0.028929999098181725,0.4817732870578766,1.5573007324218753,2.0,0.0,0.0,0.20422593,0.2,0.8,0.9,-4.772422451820603
13,24.44445037841797,24.444445,38.33,36.22551345825195,4.397444,0.028929999098181725,0.48428797721862793,1.6112841796875002,2.0,0.0,0.0,0.12140638,0.2,0.8,0.9,-7.890245346821757
14,24.444454193115234,24.444445,39.51,31.754718780517578,5.4083204,0.028929999098181725,0.48281019926071167,1.6142770019531252,3.0,0.0,0.0,0.13954163,0.2,0.8,0.9,-11.985403641025187
15,24.444456100463867,24.444445,40.18,31.456697463989258,5.937724,0.028929999098181725,0.4800439774990082,1.5182359863281252,2.0,0.0,0.0,0.52377975,0.2,0.8,0.9,-15.911119261585554
16,24.590377807617188,24.61111,40.32,30.16349220275879,6.2209563,0.028929999098181725,0.47377869486808777,1.3000394531250001,1.0,0.0,0.0,0.22531508,0.2,0.8,0.9,-17.028908459993545
17,24.983442306518555,25.0,39.76,29.508760452270508,5.993321,0.028929999098181725,0.46469244360923767,0.9864368408203127,1.0,0.0,0.0,0.0,0.2,0.7,0.9,-15.69032534667349
18,24.51955795288086,24.5,38.66,28.510482788085938,6.689406,0.028929999098181725,0.45898956060409546,0.5793698364257814,1.0,0.0,0.0,0.0,0.1,-0.01,0.0,-30.9816934986884
19,24.445270538330078,24.444445,36.54,27.478328704833984,6.0470967,0.028929999098181725,0.45085248351097107,0.1595465515136719,2.0,0.0,0.0,0.67595136,0.1,-0.01,0.0,-32.406544520930765
20,24.4444580078125,24.444445,32.42,26.319719314575195,4.6728415,0.028929999098181725,0.44455012679100037,0.0,3.0,0.0,0.0,0.22531796,0.1,-0.01,0.0,-27.10548790640678
21,24.44445037841797,24.444445,31.33,26.500879287719727,5.1626325,0.028929999098181725,0.44664838910102844,0.0,3.0,0.0,0.0,1.6547514,0.1,-0.01,0.0,-24.454587692049245
22,22.099010467529297,22.0,30.82,24.340866088867188,7.1651354,0.028929999098181725,0.4580378234386444,0.0,3.0,0.0,0.0,0.0,0.1,-0.01,0.6,-53.195127559723915
23,20.35350227355957,20.0,29.33,25.656776428222656,9.692888,0.028929999098181725,0.45857229828834534,0.0,3.0,0.0,0.0,0.0,0.1,0.7,0.6,-79.72875934037438
24,20.01495933532715,20.0,27.83,24.162153244018555,8.609599,0.028929999098181725,0.4550308287143707,0.0,3.0,0.0,0.0,0.0,0.1,0.7,0.6,-70.24385528407583
1,20.00324249267578,20.0,26.69,24.533361434936523,6.258777,0.028929999098181725,0.46807435154914856,0.0,2.0,0.0,0.0,0.0,0.1,0.7,0.6,-58.45349805838487
2,20.000890731811523,20.0,25.99,25.998504638671875,4.927834,0.028929999098181725,0.4455432891845703,0.0,2.0,0.0,0.0,0.0,0.1,0.7,0.6,-48.356743163491046
3,20.000518798828125,20.0,25.54,27.50897979736328,4.0368824,0.028929999098181725,0.4221123158931732,0.0,2.0,0.0,0.0,0.0,0.1,0.7,0.6,-39.975022124450334
4,20.000192642211914,20.0,25.23,31.186534881591797,3.442475,0.028929999098181725,0.4006318747997284,0.0,2.0,0.0,0.0,0.0,0.1,0.7,0.6,-32.71743206892643
5,20.000080108642578,20.0,25.04,33.02885437011719,3.0771916,0.028929999098181725,0.3888009190559387,0.0,3.0,0.0,0.0,0.0,0.1,0.7,0.6,-27.504731915090815
6,19.999914169311523,20.0,24.9,31.298826217651367,2.980497,0.028929999098181725,0.38751929998397827,0.0,3.0,0.0,0.0,0.0,0.1,-0.01,0.6,-23.173688241982745
7,20.000009536743164,20.0,25.33,31.442840576171875,2.7799356,0.028929999098181725,0.3948652744293213,0.07919688720703126,3.0,0.0,0.0,0.0,0.1,-0.01,0.6,-21.169761104687495
8,20.000009536743164,20.0,26.38,31.616512298583984,2.95144,0.028929999098181725,0.4061072766780853,0.3122242309570313,3.0,0.0,0.0,0.4482977,0.1,-0.01,0.0,-21.29369868716458
9,20.00000762939453,20.0,28.36,31.77128791809082,3.6129777,0.028929999098181725,0.4167913496494293,0.6281736328125,3.0,0.0,0.0,0.0,0.1,-0.01,0.0,-24.192608007593662
10,22.32158851623535,22.444445,30.53,32.21741485595703,1.3367581,0.028929999098181725,0.40944451093673706,0.9410374511718751,3.0,0.0,0.0,0.0,0.1,0.8,0.0,-9.299807895909908
11,22.769943237304688,22.777779,32.62,31.85741424560547,1.6173991,0.028929999098181725,0.42899811267852783,1.287919775390625,3.0,0.0,0.0,0.0,0.1,0.8,0.9,-11.53833474550629
12,24.340084075927734,24.444445,32.22,30.916011810302734,0.8860507,0.028929999098181725,0.46796655654907227,1.4892559570312502,2.0,0.0,0.0,0.0,0.66,0.8,0.9,-50.81418002408614
13,24.44430160522461,24.444445,31.18,29.429338455200195,0.98227805,0.028929999098181725,0.5007391571998596,1.536821484375,2.0,0.0,0.0,0.0,0.66,0.8,0.9,-40.145488715142974
14,24.444448471069336,24.444445,31.74,27.617210388183594,1.330747,0.028929999098181725,0.518465518951416,1.4535227050781252,2.0,0.0,0.0,0.22415218,0.2,0.8,0.9,-2.3601751968759648
15,24.39145278930664,24.38889,31.79,26.422304153442383,1.8620614,0.028929999098181725,0.5223841071128845,1.3038498046875002,2.0,0.0,0.0,0.16414416,0.2,0.8,0.9,-0.756011962890625
16,23.584304809570312,23.555555,31.57,25.946805953979492,3.8122509,0.028929999098181725,0.5204963088035583,0.936527197265625,2.0,0.0,0.0,0.05994774,0.2,0.8,0.9,0.0
17,22.246484756469727,22.222221,31.08,25.125181198120117,7.105975,0.028929999098181725,0.516999363899231,0.6395512207031251,2.0,0.0,0.0,1.0041308,0.2,0.7,0.9,-3.42828369140625
18,22.554698944091797,22.555555,30.12,24.34014892578125,6.489724,0.028929999098181725,0.513903796672821,0.35781767578125007,2.0,0.0,0.0,0.0,0.1,-0.01,0.0,-6.8712223455404455
19,24.380111694335938,24.444445,28.69,24.045238494873047,2.2906046,0.028929999098181725,0.5097450017929077,0.11470355529785158,3.0,0.0,0.0,0.44830364,0.1,-0.01,0.0,0.0
20,24.4444580078125,24.444445,26.94,25.310598373413086,1.6873094,0.028929999098181725,0.4988820552825928,0.0,3.0,0.0,0.0,0.22407809,0.1,-0.01,0.0,0.0
21,24.44445037841797,24.444445,26.31,24.569684982299805,1.3755348,0.028929999098181725,0.4943189024925232,0.0,3.0,0.0,0.0,0.0,0.1,-0.01,0.0,0.0
22,22.320205688476562,22.222221,25.89,23.620826721191406,3.602185,0.028929999098181725,0.49825161695480347,0.0,3.0,0.0,0.0,0.0,0.1,-0.01,0.6,-5.570395145565271
23,24.32600212097168,24.444445,25.39,24.665592193603516,0.7970844,0.028929999098181725,0.4894354045391083,0.0,3.0,0.0,0.0,0.0,0.4,0.7,0.6,-60.70430417213579
24,24.444320678710938,24.444445,24.88,22.730867385864258,0.6281952,0.028929999098181725,0.49427884817123413,0.0,3.0,0.0,0.0,0.4483018,0.2,0.7,0.6,-26.68028073970775
1,23.268932342529297,23.222221,24.76,23.054962158203125,1.4065609,0.028929999098181725,0.48248109221458435,0.0,3.0,0.0,0.0,0.0,0.1,0.7,0.6,-0.8668174743652344
2,23.553041458129883,23.555555,24.63,23.96980094909668,1.2711984,0.028929999098181725,0.4588959217071533,0.0,3.0,0.0,0.0,0.0,0.1,0.7,0.6,-1.4991683194986842
3,23.807456970214844,23.833334,24.46,26.554697036743164,0.9290904,0.028929999098181725,0.413018137216568,0.0,3.0,0.0,0.0,0.0,0.4,0.7,0.6,-126.19958153531181
4,24.09328842163086,24.11111,24.24,28.52465057373047,0.5149044,0.028929999098181725,0.3851109743118286,0.0,3.0,0.0,0.0,0.0,0.2,0.7,0.6,-68.55902756475912
5,24.442474365234375,24.444445,23.72,28.65032386779785,0.25734508,0.028929999098181725,0.41594141721725464,0.0,3.0,0.0,0.0,0.0,0.1,0.7,0.6,-40.78030162375708
6,24.764493942260742,24.777779,23.38,30.513248443603516,0.12186657,0.028929999098181725,0.44863787293434143,0.0,2.0,0.0,0.0,0.0,0.1,-0.01,0.6,-47.31636598050842
7,24.856143951416016,25.055555,23.76,29.537250518798828,0.0,0.028929999098181725,0.4443197548389435,0.048697155761718756,2.0,0.0,0.0,0.0,0.1,-0.01,0.6,-48.82527645515834
8,23.36336898803711,23.333334,24.94,30.302413940429688,1.3580525,0.02914999984204769,0.48169273138046265,0.18730228271484378,2.0,0.0,0.0,0.22300103,0.1,-0.01,0.0,-5.586768946797417
9,23.86579704284668,23.88889,26.74,30.39189338684082,1.1212304,0.02914999984204769,0.5151339173316956,0.3072218994140625,2.0,0.0,0.0,0.0,0.1,-0.01,0.0,-7.096573231084284
10,23.888803482055664,23.88889,28.26,30.368865966796875,1.327904,0.02914999984204769,0.5228902697563171,0.6465506103515626,2.0,0.0,0.0,0.0,0.1,0.8,0.0,-3.1886142371320148
11,25.463703155517578,25.666666,29.16,29.86469841003418,0.12055326,0.02914999984204769,0.5450502038002014,0.7704608642578127,1.0,0.0,0.0,0.4460013,0.1,0.8,0.9,-22.605341643905838
12,24.444374084472656,24.444445,29.61,28.821733474731445,1.4027882,0.02914999984204769,0.5431762337684631,0.7496553222656251,1.0,0.0,0.0,0.0,0.2,0.8,0.9,-14.390816609388672
13,24.44445037841797,24.444445,29.72,28.477256774902344,1.618938,0.02914999984204769,0.5355620980262756,0.9374143798828127,2.0,0.0,0.0,0.0,0.2,0.8,0.9,-9.677403053198645
14,25.74015235900879,25.833334,29.77,26.985578536987305,0.61406153,0.02914999984204769,0.5314013957977295,0.9142858886718751,1.0,0.0,0.0,0.0,0.4,0.8,0.9,-134.3255228450391
15,25.008886337280273,25.0,29.63,25.372631072998047,1.3157842,0.02914999984204769,0.5271371006965637,0.9759968261718751,1.0,0.0,0.0,0.0,0.2,0.8,0.9,-27.128589143284202
16,25.819984436035156,25.833334,29.52,25.19715118408203,1.0591534,0.05866999924182892,0.5192811489105225,1.0368940429687503,1.0,0.0,0.0,0.0,0.2,0.4,0.6,-46.92937326193253
17,24.517105102539062,24.444445,29.58,25.79428482055664,2.4142501,0.05866999924182892,0.5156306624412537,0.8320810546875002,2.0,0.0,0.0,0.0,0.2,0.7,0.6,-6.653019105840133
18,24.44514274597168,24.444445,29.77,24.19989585876465,3.679806,0.05866999924182892,0.5110083818435669,0.49167952880859384,2.0,0.0,0.0,0.89199346,0.1,-0.01,0.0,-0.6296195983886719
19,24.4444522857666,24.444445,29.11,24.138521194458008,3.3216012,0.02914999984204769,0.5107119083404541,0.15018131103515628,2.0,0.0,0.0,0.0,0.1,-0.01,0.0,-0.4543285369873047
20,24.44445037841797,24.444445,27.63,22.737539291381836,2.7876668,0.02914999984204769,0.516119658946991,0.0,3.0,0.0,0.0,0.0,0.1,-0.01,0.0,-0.46415138244628906
21,24.44445037841797,24.444445,26.01,21.900638580322266,2.3028898,0.02914999984204769,0.5213423371315002,0.0,2.0,0.0,0.0,0.0,0.1,-0.01,0.0,-0.7717609405517578
22,24.44445037841797,24.444445,25.2,23.378238677978516,1.9063082,0.02914999984204769,0.5145542025566101,0.0,3.0,0.0,0.0,0.0,0.1,-0.01,0.6,-0.9531497955322266
23,24.44445037841797,24.444445,24.8,22.316730499267578,1.5835979,0.028929999098181725,0.5019685626029968,0.0,3.0,0.0,0.0,0.22300074,0.1,0.7,0.6,-1.4863432524200306
24,22.326231002807617,22.222221,24.42,21.76744270324707,3.6793356,0.028929999098181725,0.47174525260925293,0.0,3.0,0.0,0.0,0.0,0.1,0.7,0.6,0.0
1,23.221450805664062,23.222221,23.87,23.341899871826172,2.1521769,0.028929999098181725,0.4391390383243561,0.0,3.0,0.0,0.0,0.0,0.1,0.7,0.6,-0.4379844665527344
2,22.274980545043945,22.222221,23.24,26.223190307617188,2.594509,0.028929999098181725,0.4104585349559784,0.0,3.0,0.0,0.0,0.0,0.1,0.7,0.6,0.0
3,22.2275390625,22.222221,22.79,26.9084415435791,2.3563118,0.028929999098181725,0.3867672085762024,0.0,3.0,0.0,0.0,0.0,0.1,0.7,0.6,-0.030904769897460938
4,22.222787857055664,22.222221,22.42,29.98191261291504,1.9278659,0.028929999098181725,0.39559999108314514,0.0,3.0,0.0,0.0,0.0,0.1,0.7,0.6,-0.253021240234375
5,22.22226905822754,22.222221,22.17,31.319395065307617,2.24825,0.028929999098181725,0.4077794551849365,0.0,3.0,0.0,0.0,0.8508168,0.1,0.7,0.6,-0.4098396301269531
6,22.22223663330078,22.222221,22.22,34.25667953491211,1.5154829,0.028929999098181725,0.43660104274749756,0.0,3.0,0.0,0.0,0.0,0.1,-0.01,0.6,-0.4844551086425781
7,22.222230911254883,22.222221,23.54,36.11043167114258,1.9348032,0.028929999098181725,0.46536505222320557,0.07523090057373048,2.0,0.0,0.0,0.69978595,0.1,-0.01,0.6,-0.3760643005371094
8,22.332090377807617,22.333334,25.55,35.52654266357422,2.586351,0.02914999984204769,0.48144885897636414,0.31403459472656253,1.0,0.0,0.0,1.2381117,0.1,-0.01,0.0,-0.1563091278076172
9,22.77596664428711,22.777779,27.75,36.71644973754883,2.254555,0.02914999984204769,0.5058217644691467,0.7650606445312501,1.0,0.0,0.0,0.58958054,0.1,-0.01,0.0,-0.05960845947265625
10,23.331836700439453,23.333334,30.04,36.415802001953125,1.8127489,0.02914999984204769,0.5082024335861206,1.1327716552734377,1.0,0.0,0.0,0.22186515,0.1,0.8,0.0,-0.008241653442382812
11,23.881792068481445,23.88889,32.26,35.983421325683594,1.7102379,0.02914999984204769,0.5141597986221313,1.4147383300781253,1.0,0.0,0.0,0.0,0.1,0.8,0.9,0.0
12,24.438133239746094,24.444445,34.12,36.46729278564453,1.703399,0.02914999984204769,0.5266504287719727,1.561881005859375,1.0,0.0,0.0,0.22186516,0.2,0.8,0.9,-0.6919689178466797
13,24.44442367553711,24.444445,35.51,34.81806945800781,2.1293762,0.02914999984204769,0.5363264679908752,1.6060976074218751,1.0,0.0,0.0,0.22186516,0.2,0.8,0.9,-0.07573890686035156
14,24.44445037841797,24.444445,36.45,30.437631607055664,2.9383824,0.02914999984204769,0.5374366641044617,1.6024860351562502,1.0,0.0,0.0,0.44372776,0.2,0.8,0.9,0.0
15,24.444456100463867,24.444445,36.9,28.38143539428711,3.8131769,0.02914999984204769,0.5327709913253784,1.4884321289062503,1.0,0.0,0.0,0.22186197,0.2,0.8,0.9,-1.1283145726338262
16,24.444454193115234,24.444445,37.01,28.929262161254883,4.731267,0.05866999924182892,0.5260344743728638,1.22652451171875,1.0,0.0,0.0,0.22186217,0.2,0.4,0.6,-2.1637475820934924
17,24.390066146850586,24.38889,36.62,26.98426628112793,5.468356,0.05866999924182892,0.521639883518219,0.9555424072265627,2.0,0.0,0.0,0.0,0.2,0.7,0.6,-3.925316796379775
18,24.388906478881836,24.38889,35.69,26.18059539794922,6.19034,0.05866999924182892,0.5175403356552124,0.6258523681640625,2.0,0.0,0.0,0.0,0.1,-0.01,0.0,-10.875195922111743
19,24.388893127441406,24.38889,33.94,26.27850914001465,5.3847194,0.02914999984204769,0.5113250017166138,0.17786431274414063,3.0,0.0,0.0,0.0,0.1,-0.01,0.0,-12.247249757652753
20,24.388893127441406,24.38889,29.92,24.615692138671875,4.1763153,0.02914999984204769,0.5026171207427979,0.0,3.0,0.0,0.0,0.22186515,0.1,-0.01,0.0,-8.735981620280654
21,24.38889503479004,24.38889,28.61,23.635055541992188,3.340871,0.02914999984204769,0.495104044675827,0.0,3.0,0.0,0.0,0.0,0.1,-0.01,0.0,-6.875822872567369
22,24.333984375,24.333334,27.93,23.725305557250977,2.8398545,0.02914999984204769,0.47645026445388794,0.0,3.0,0.0,0.0,0.0,0.1,-0.01,0.6,-5.839740023806371
23,24.333358764648438,24.333334,27.38,22.86474609375,2.4610195,0.028929999098181725,0.4623940885066986,0.0,3.0,0.0,0.0,0.22186461,0.1,0.7,0.6,-4.694706178710476
24,24.333343505859375,24.333334,26.58,23.96980094909668,2.1133645,0.028929999098181725,0.46176764369010925,0.0,3.0,0.0,0.0,0.22186296,0.1,0.7,0.6,-3.3819376120809466
1,24.333324432373047,24.333334,25.33,25.60719871520996,1.7296857,0.028929999098181725,0.4347241222858429,0.0,3.0,0.0,0.0,0.0,0.1,0.7,0.6,-1.9950495638804568
2,24.44107437133789,24.444445,24.46,25.965471267700195,1.3193346,0.028929999098181725,0.4071120321750641,0.0,3.0,0.0,0.0,0.0,0.1,0.7,0.6,0.0
3,22.31810188293457,22.222221,23.84,29.05974769592285,3.385229,0.028929999098181725,0.3920576572418213,0.0,3.0,0.0,0.0,0.0,0.1,0.7,0.6,-6.894500800441165
4,22.223222732543945,22.222221,23.41,31.081096649169922,3.50702,0.028929999098181725,0.37048080563545227,0.0,3.0,0.0,0.0,0.0,0.1,0.7,0.6,-5.01771005919727
5,22.222347259521484,22.222221,23.08,32.09334182739258,2.7480965,0.028929999098181725,0.36954474449157715,0.0,3.0,0.0,0.0,0.0,0.1,0.7,0.6,-3.5690702288993634
6,22.22223663330078,22.222221,23.21,34.574337005615234,2.3297071,0.028929999098181725,0.37230390310287476,0.0,3.0,0.0,0.0,0.060060747,0.1,-0.01,0.6,-2.806069735030178
7,22.222230911254883,22.222221,24.63,34.379638671875,2.9710364,0.028929999098181725,0.3962608575820923,0.09146659240722657,2.0,0.0,0.0,0.5508831,0.1,-0.01,0.6,-2.737840495978162
8,22.222230911254883,22.222221,26.79,36.24886703491211,2.641323,0.02914999984204769,0.41782012581825256,0.3481504028320313,2.0,0.0,0.0,0.0,0.1,-0.01,0.0,-3.9248482245639025
9,22.22222900390625,22.222221,28.81,36.86213302612305,2.962261,0.02914999984204769,0.44542407989501953,0.7210659667968752,3.0,0.0,0.0,0.0,0.1,-0.01,0.0,-6.940281362170936
10,22.771745681762695,22.777779,30.8,37.087806701660156,5.157407,0.02914999984204769,0.45669931173324585,1.1345611816406251,2.0,0.0,0.0,4.565351,0.1,0.8,0.0,-7.149224244672951
11,23.874990463256836,23.88889,32.67,36.31307601928711,2.7612865,0.02914999984204769,0.4644603431224823,1.4136679687500002,2.0,0.0,0.0,0.12512247,0.1,0.8,0.9,-4.72536286857212
12,24.43617820739746,24.444445,34.21,35.14752960205078,2.0386248,0.02914999984204769,0.48608994483947754,1.5615840820312503,2.0,0.0,0.0,0.0,0.2,0.8,0.9,-1.2557694409370015
13,24.444419860839844,24.444445,35.35,33.4336051940918,2.2960267,0.02914999984204769,0.5079696774482727,1.5934835449218752,1.0,0.0,0.0,0.0,0.2,0.8,0.9,-2.016611480154097
14,25.21987533569336,25.222221,36.21,30.58594512939453,2.1724966,0.02914999984204769,0.515419602394104,1.6040393554687502,1.0,0.0,0.0,0.0,0.2,0.8,0.9,-1.0457969375456742
15,25.00603675842285,25.0,36.76,29.71558380126953,3.0051858,0.02914999984204769,0.5138494372367859,1.515367822265625,1.0,0.0,0.0,0.44102612,0.2,0.8,0.9,-2.922903258153383
16,27.09808349609375,27.222221,36.87,29.30010414123535,1.2905622,0.05866999924182892,0.5126389861106873,1.3005974121093753,1.0,0.0,0.0,0.0,0.2,0.4,0.6,-0.09778213500976562
17,27.218833923339844,27.222221,36.41,27.670652389526367,1.476458,0.05866999924182892,0.5055508613586426,1.0027697021484376,1.0,0.0,0.0,0.0,0.2,0.7,0.6,0.0
18,27.222183227539062,27.222221,35.44,27.029829025268555,3.3069398,0.05866999924182892,0.49566853046417236,0.5970240966796876,2.0,0.0,0.0,1.7684238,0.1,-0.01,0.0,-2.0055756254587322
19,26.66942596435547,26.666666,33.2,25.749034881591797,2.9985836,0.02914999984204769,0.483697772026062,0.1754087585449219,3.0,0.0,0.0,0.4414877,0.1,-0.01,0.0,-4.8039083253570425
20,25.677583694458008,25.666666,29.93,24.244325637817383,3.8713093,0.02914999984204769,0.4699753224849701,0.00011676797568798067,2.0,0.0,0.0,0.0946307,0.1,-0.01,0.0,-7.480791741996654
21,25.777297973632812,25.777779,28.88,24.755186080932617,4.2085576,0.02914999984204769,0.45993635058403015,0.0,3.0,0.0,0.0,0.2207441,0.1,-0.01,0.0,-5.770595688605681
22,24.473604202270508,24.444445,28.39,23.77093505859375,4.840543,0.02914999984204769,0.4520462453365326,0.0,3.0,0.0,0.0,0.22074401,0.1,-0.01,0.6,-13.222893329861108
23,24.444917678833008,24.444445,27.54,22.09107208251953,3.9713092,0.028929999098181725,0.44269704818725586,0.0,3.0,0.0,0.0,0.0,0.1,0.7,0.6,-11.230133057120838
24,24.44448471069336,24.444445,26.68,23.779193878173828,2.9508245,0.028929999098181725,0.4222911298274994,0.0,3.0,0.0,0.0,0.0,0.1,0.7,0.6,-8.832319903191092
1,23.301612854003906,23.222221,25.88,24.79067039489746,3.7234738,0.028929999098181725,0.4109742045402527,0.0,3.0,0.0,0.0,0.0,0.1,0.7,0.6,-14.310922986260266
2,22.262651443481445,22.222221,25.13,26.49100685119629,4.7785783,0.028929999098181725,0.38626644015312195,0.0,3.0,0.0,0.0,0.21963827,0.1,0.7,0.6,-18.43018661937458
3,22.22332000732422,22.222221,24.47,29.42584228515625,3.8872585,0.028929999098181725,0.37378206849098206,0.0,3.0,0.0,0.0,0.0,0.1,0.7,0.6,-14.16663302994857
4,22.22236442565918,22.222221,23.69,30.359115600585938,2.9801197,0.028929999098181725,0.3741188645362854,0.0,3.0,0.0,0.0,0.0,0.1,0.7,0.6,-10.461650496014045
5,22.2222843170166,22.222221,22.93,33.1875,2.381365,0.028929999098181725,0.3852439820766449,0.0,3.0,0.0,0.0,0.0,0.1,0.7,0.6,-7.592059353370132
6,22.222261428833008,22.222221,22.9,34.939022064208984,2.0173569,0.028929999098181725,0.39615505933761597,0.0,3.0,0.0,0.0,0.0,0.1,-0.01,0.6,-6.038314831035677
7,22.222230911254883,22.222221,24.56,36.01793670654297,2.647619,0.028929999098181725,0.4153926968574524,0.07331229858398439,2.0,0.0,0.0,0.86614853,0.1,-0.01,0.6,-6.200649790935131
8,22.332048416137695,22.333334,26.64,35.47596740722656,2.335201,0.02914999984204769,0.4162306785583496,0.2972124389648438,2.0,0.0,0.0,0.21963851,0.1,-0.01,0.0,-7.330248883226886
9,22.77483558654785,22.777779,28.76,36.9803466796875,3.5262992,0.02914999984204769,0.4471242129802704,0.7051335937500002,3.0,0.0,0.0,1.5910743,0.1,-0.01,0.0,-7.763428847829346
10,23.328283309936523,23.333334,30.85,37.754268646240234,2.6092014,0.02914999984204769,0.4496019780635834,1.0174744628906252,2.0,0.0,0.0,0.0,0.1,0.8,0.0,-7.049535056376044
11,23.88870620727539,23.88889,32.8,37.399635314941406,2.397871,0.02914999984204769,0.4569786489009857,1.292485986328125,2.0,0.0,0.0,0.07174697,0.1,0.8,0.9,-6.940703451633453
12,24.443252563476562,24.444445,34.44,34.05582046508789,3.0427673,0.02914999984204769,0.46934136748313904,1.5485898925781252,2.0,0.0,0.0,0.6846405,0.2,0.8,0.9,-2.761143126004754
13,24.44443702697754,24.444445,35.6,32.321659088134766,3.403513,0.02914999984204769,0.47895973920822144,1.6167111328125001,2.0,0.0,0.0,0.107965,0.2,0.8,0.9,-4.564483006575756
14,24.4444522857666,24.444445,36.42,30.37030601501465,4.038058,0.02914999984204769,0.4898242950439453,1.5784896972656253,2.0,0.0,0.0,0.5980377,0.2,0.8,0.9,-6.326114199797303
15,24.444456100463867,24.444445,36.83,29.39150619506836,4.763024,0.02914999984204769,0.4884844124317169,1.5509279296875003,2.0,0.0,0.0,0.3337637,0.2,0.8,0.9,-8.660389239263168
16,25.48277473449707,25.555555,36.96,28.84955596923828,3.8428612,0.05866999924182892,0.4881153106689453,1.3188120117187503,2.0,0.0,0.0,0.25514993,0.2,0.4,0.6,-4.779533608365455
17,27.219078063964844,27.222221,36.48,26.8924617767334,1.8929325,0.05866999924182892,0.48198598623275757,0.9913522705078126,3.0,0.0,0.0,0.21329816,0.2,0.7,0.6,0.0
18,27.221988677978516,27.222221,35.0,25.545515060424805,2.1144907,0.05866999924182892,0.46994534134864807,0.5722722290039063,3.0,0.0,0.0,1.373934,0.1,-0.01,0.0,-3.2347534074360738
19,27.222225189208984,27.222221,32.24,25.59680938720703,1.7951087,0.02914999984204769,0.4567500054836273,0.16846823730468755,3.0,0.0,0.0,0.584823,0.1,-0.01,0.0,-2.8131032737437636
20,27.222219467163086,27.222221,29.68,23.87181854248047,1.4913875,0.02914999984204769,0.43915119767189026,0.0004794877409934998,3.0,0.0,0.0,0.09905936,0.1,-0.01,0.0,-1.7157488109987753
21,27.222225189208984,27.222221,28.87,23.603031158447266,2.0774422,0.02914999984204769,0.44053930044174194,0.0,3.0,0.0,0.0,0.84757125,0.1,-0.01,0.0,-1.192795208786265
22,27.222225189208984,27.222221,28.32,22.23967933654785,1.4511716,0.02914999984204769,0.44190242886543274,0.0,3.0,0.0,0.0,0.0,0.1,-0.01,0.6,0.0
23,27.222225189208984,27.222221,27.26,21.385894775390625,1.075359,0.028929999098181725,0.43198826909065247,0.0,3.0,0.0,0.0,0.0,0.1,0.7,0.6,0.0
24,27.22221565246582,27.222221,26.0,21.85829734802246,0.8096149,0.028929999098181725,0.4256661534309387,0.0,3.0,0.0,0.0,0.0,0.4,0.7,0.6,-75.44904699007547
1,27.222225189208984,27.222221,24.66,22.972484588623047,0.5804608,0.028929999098181725,0.4219842553138733,0.0,3.0,0.0,0.0,0.0,0.2,0.7,0.6,-43.789863039080274
2,27.222217559814453,27.222221,23.52,25.298280715942383,0.3624313,0.028929999098181725,0.378099650144577,0.0,3.0,0.0,0.0,0.0,0.2,0.7,0.6,-65.0047856683707
3,27.22222328186035,27.222221,22.63,28.2839298248291,0.1537745,0.028929999098181725,0.3629067540168762,0.0,3.0,0.0,0.0,0.0,0.1,0.7,0.6,-34.64415898070974
4,27.18806266784668,27.222221,22.0,30.52032470703125,0.0,0.028929999098181725,0.3545636534690857,0.0,3.0,0.0,0.0,0.0,0.1,0.7,0.6,-34.56389171651674
5,26.98354721069336,27.222221,21.62,32.07597351074219,0.0,0.028929999098181725,0.3693869113922119,0.0,3.0,0.0,0.0,0.0,0.1,0.7,0.6,-34.87147373839682
6,27.207456588745117,27.222221,21.38,33.76531982421875,1.5018352,0.028929999098181725,0.3802916407585144,0.0,3.0,0.0,0.0,2.413272,0.1,-0.01,0.6,-34.853093334622805
7,27.222110748291016,27.222221,23.52,35.70541763305664,0.31075037,0.028929999098181725,0.408279150724411,0.07786950988769532,3.0,0.0,0.0,0.0,0.2,-0.01,0.6,-67.66073875716286
8,27.22222328186035,27.222221,26.01,37.00983428955078,0.20176232,0.02914999984204769,0.46468088030815125,0.29878300781250006,2.0,0.0,0.0,0.0,0.1,-0.01,0.0,-28.897669898216744
9,27.222225189208984,27.222221,28.45,35.91468811035156,1.4447457,0.02914999984204769,0.49581027030944824,0.6174861328125001,2.0,0.0,0.0,1.2524061,0.1,-0.01,0.0,-13.626071116441947
10,27.222225189208984,27.222221,30.76,37.24320602416992,1.0455853,0.02914999984204769,0.48642829060554504,1.0245559570312501,1.0,0.0,0.0,0.0,0.1,0.8,0.0,-5.12979022092537
11,27.22222328186035,27.222221,32.72,36.825077056884766,1.3289057,0.02914999984204769,0.4747391939163208,1.3057784179687502,1.0,0.0,0.0,0.0,0.1,0.8,0.9,-1.2979890841136212
12,27.222225189208984,27.222221,34.33,34.456382751464844,1.7072058,0.02914999984204769,0.46672719717025757,1.4413536621093752,1.0,0.0,0.0,0.0,0.2,0.8,0.9,-3.3291694488532393
13,27.222227096557617,27.222221,35.61,33.939781188964844,2.1380072,0.02914999984204769,0.4630272686481476,1.545430078125,1.0,0.0,0.0,0.0,0.2,0.8,0.9,-1.028907272263465
14,27.222227096557617,27.222221,36.49,29.318401336669922,2.6824381,0.02914999984204769,0.4655555188655853,1.5261029296875002,1.0,0.0,0.0,0.2185487,0.2,0.8,0.9,-0.5894737243652344
15,27.222230911254883,27.222221,36.73,29.846899032592773,3.230704,0.02914999984204769,0.4727517068386078,1.4260838378906253,2.0,0.0,0.0,0.0,0.2,0.8,0.9,-0.10141754150390625
16,27.222232818603516,27.222221,36.46,28.11516571044922,3.6191366,0.05866999924182892,0.47643357515335083,1.24187490234375,1.0,0.0,0.0,0.0,0.2,0.4,0.6,0.0
17,27.22222900390625,27.222221,36.05,27.473041534423828,3.8778093,0.05866999924182892,0.47271728515625,0.9719625000000001,1.0,0.0,0.0,0.0,0.2,0.7,0.6,0.0
18,27.222227096557617,27.222221,35.07,26.669593811035156,4.1926165,0.05866999924182892,0.4679732024669647,0.5783371948242189,3.0,0.0,0.0,0.0,0.1,-0.01,0.0,-2.579526840840117
19,27.222227096557617,27.222221,33.22,26.2066707611084,3.637193,0.02914999984204769,0.4673800468444824,0.1753074645996094,3.0,0.0,0.0,0.21854883,0.1,-0.01,0.0,-2.9681097240099916
20,27.222225189208984,27.222221,30.26,25.66185188293457,2.9479284,0.02914999984204769,0.4663750231266022,0.0015482161045074466,3.0,0.0,0.0,0.43709713,0.1,-0.01,0.0,-1.7645088336175832
21,27.222225189208984,27.222221,28.97,24.105682373046875,2.455286,0.02914999984204769,0.4691265821456909,0.0,3.0,0.0,0.0,0.21854883,0.1,-0.01,0.0,-1.0485607188056747
22,27.222225189208984,27.222221,28.48,24.59143829345703,2.0793023,0.02914999984204769,0.4708995819091797,0.0,3.0,0.0,0.0,0.0,0.1,-0.01,0.6,0.0
23,27.222227096557617,27.222221,27.85,23.49220085144043,1.642315,0.028929999098181725,0.46139129996299744,0.0,2.0,0.0,0.0,0.0,0.1,0.7,0.6,0.0
24,27.222227096557617,27.222221,26.49,22.709657669067383,1.254471,0.028929999098181725,0.4530833661556244,0.0,2.0,0.0,0.0,0.0,0.1,0.7,0.6,0.0
1,27.114463806152344,27.11111,25.51,23.755020141601562,1.3505751,0.028929999098181725,0.43948128819465637,0.0,3.0,0.0,0.0,0.29481664,0.1,0.7,0.6,-0.17264938354492188
2,27.001327514648438,27.0,24.76,27.131723403930664,1.0383685,0.028929999098181725,0.4257926344871521,0.0,3.0,0.0,0.0,0.0,0.1,0.7,0.6,-0.446685791015625
3,26.8912296295166,26.88889,24.22,28.82616424560547,0.8685446,0.028929999098181725,0.4050079882144928,0.0,3.0,0.0,0.0,0.0,0.4,0.7,0.6,-141.86661131086495
4,26.77983856201172,26.777779,23.85,30.105316162109375,0.7524254,0.028929999098181725,0.3993990421295166,0.0,3.0,0.0,0.0,0.0,0.4,0.7,0.6,-164.5242828953684
5,26.669986724853516,26.666666,23.5,32.405967712402344,0.654191,0.028929999098181725,0.406063437461853,0.0,3.0,0.0,0.0,0.0,0.2,0.7,0.6,-98.63231237472402
6,26.557886123657227,26.555555,23.29,34.67584228515625,0.45319504,0.028929999098181725,0.4234500825405121,0.0,3.0,0.0,0.0,0.0,0.2,-0.01,0.6,-93.60373160021572
7,26.390851974487305,26.38889,24.57,35.26667785644531,0.8683707,0.028929999098181725,0.4433445930480957,0.07535883178710938,3.0,0.0,0.0,0.43494195,0.4,-0.01,0.6,-186.7162966397587
8,26.278532028198242,26.277779,26.51,36.55129623413086,1.1030477,0.028929999098181725,0.4432031214237213,0.3045782775878907,3.0,0.0,0.0,0.0,0.1,-0.01,0.0,-49.2160764997885
9,26.16744613647461,26.166666,28.79,36.05146789550781,2.8532584,0.028929999098181725,0.4603402316570282,0.7515116455078127,3.0,0.0,0.0,1.5924578,0.1,-0.01,0.0,-13.359304693278407
10,26.05683135986328,26.055555,30.92,36.91128921508789,2.5786974,0.028929999098181725,0.45270687341690063,1.1232416015625002,3.0,0.0,0.0,0.0,0.1,0.8,0.0,-2.033387771407285
11,25.944936752319336,25.944445,32.81,35.90711212158203,2.8573983,0.028929999098181725,0.4603700041770935,1.3700673339843752,2.0,0.0,0.0,0.0,0.1,0.8,0.9,-0.4887046813964844
12,25.83421516418457,25.833334,34.37,34.6002082824707,3.4140055,0.028929999098181725,0.46912652254104614,1.4522592773437502,2.0,0.0,0.0,0.4349487,0.2,0.8,0.9,-0.8139972686767578
13,25.724082946777344,25.722221,35.53,31.34160804748535,4.0340095,0.028929999098181725,0.47859933972358704,1.5034914550781253,2.0,0.0,0.0,0.65242267,0.2,0.8,0.9,-0.22497177124023438
14,25.616539001464844,25.61111,36.26,29.807451248168945,4.773043,0.028929999098181725,0.480613112449646,1.4660072753906253,2.0,0.0,0.0,0.86983347,0.2,0.8,0.9,0.0
15,25.520797729492188,25.5,36.54,27.628385543823242,5.4895525,0.028929999098181725,0.47146284580230713,1.3477791503906251,2.0,0.0,0.0,1.3047531,0.2,0.8,0.9,0.0
16,25.393842697143555,25.38889,36.22,26.250246047973633,6.501831,0.028929999098181725,0.4661831557750702,0.9816059326171875,2.0,0.0,0.0,0.67840296,0.2,0.8,0.9,-1.5875525119517988
17,25.279787063598633,25.277779,35.35,26.965791702270508,6.349238,0.028929999098181725,0.46458756923675537,0.7752284179687501,3.0,0.0,0.0,0.0,0.2,0.7,0.9,-2.5369758310262114
18,25.115217208862305,25.11111,34.01,25.321144104003906,6.3939104,0.028929999098181725,0.4612206816673279,0.4635140258789063,2.0,0.0,0.0,0.14824824,0.1,-0.01,0.0,-7.488786008267198
19,25.00130271911621,25.0,32.15,25.79792022705078,5.3900843,0.028929999098181725,0.45662298798561096,0.14978356933593753,2.0,0.0,0.0,0.0,0.1,-0.01,0.0,-7.8604955552727915
20,24.890275955200195,24.88889,29.14,24.2825870513916,4.363943,0.028929999098181725,0.4563593566417694,0.002875358104705811,2.0,0.0,0.0,0.43494993,0.1,-0.01,0.0,-6.366677983911359
21,24.77948760986328,24.777779,27.8,23.50697135925293,3.771346,0.028929999098181725,0.4643018841743469,0.0,3.0,0.0,0.0,0.0,0.1,-0.01,0.0,-5.593810347039835
22,24.668556213378906,24.666666,27.02,23.8865966796875,3.3690162,0.028929999098181725,0.4622703492641449,0.0,3.0,0.0,0.0,0.0,0.1,-0.01,0.6,-4.881289007786108
23,24.55906105041504,24.555555,26.43,23.444665908813477,2.9679716,0.028929999098181725,0.4421135187149048,0.0,3.0,0.0,0.0,0.0,0.1,0.7,0.6,-4.05005184240872
24,22.88633155822754,22.777779,25.82,24.1303653717041,4.700883,0.028929999098181725,0.40980789065361023,0.0,3.0,0.0,0.0,0.0,0.1,0.7,0.6,-11.8697445134203
1,23.219066619873047,23.222221,25.19,25.55376434326172,3.6837912,0.028929999098181725,0.40049871802330017,0.0,3.0,0.0,0.0,0.0,0.1,0.7,0.6,-6.318891500181053
2,22.321308135986328,22.222221,24.48,26.093793869018555,3.9629977,0.028929999098181725,0.37688764929771423,0.0,3.0,0.0,0.0,0.0,0.1,0.7,0.6,-8.923738593133749
3,22.230300903320312,22.222221,23.92,29.4560604095459,3.5699358,0.028929999098181725,0.3463396728038788,0.0,3.0,0.0,0.0,0.21641687,0.1,0.7,0.6,-6.206322000885848
4,22.22315216064453,22.222221,23.51,32.099308013916016,2.927659,0.028929999098181725,0.33914700150489807,0.0,3.0,0.0,0.0,0.0,0.1,0.7,0.6,-4.127944942578324
5,22.22235870361328,22.222221,23.37,34.26332473754883,2.4546916,0.028929999098181725,0.33858776092529297,0.0,3.0,0.0,0.0,0.0,0.1,0.7,0.6,-2.7893207266206446
6,22.222244262695312,22.222221,23.38,34.20466613769531,2.318168,0.028929999098181725,0.337515264749527,0.0,3.0,0.0,0.0,1.2984842,0.1,-0.01,0.6,-1.9462817177554825
7,22.222232818603516,22.222221,24.62,37.19379806518555,2.1833978,0.028929999098181725,0.343848317861557,0.08049680786132814,3.0,0.0,0.0,0.0,0.1,-0.01,0.6,-2.160269975433039
8,22.332481384277344,22.333334,26.63,37.355411529541016,2.3330128,0.028929999098181725,0.35182732343673706,0.29708952026367197,3.0,0.0,0.0,0.0,0.1,-0.01,0.0,-2.987350873187097
9,22.776168823242188,22.777779,29.37,38.509578704833984,2.4702668,0.028929999098181725,0.356903612613678,0.7465222412109377,2.0,0.0,0.0,0.0,0.1,-0.01,0.0,-3.413474166914966
10,24.37586212158203,24.444445,31.54,38.67841339111328,1.4542509,0.028929999098181725,0.35256069898605347,1.1037366210937503,2.0,0.0,0.0,0.0,0.1,0.8,0.0,0.0
11,24.444313049316406,24.444445,33.45,37.50292205810547,2.072781,0.028929999098181725,0.38253650069236755,1.362176953125,1.0,0.0,0.0,0.0,0.1,0.8,0.9,-1.889895986274496
12,24.444448471069336,24.444445,35.12,35.51934051513672,2.6947854,0.028929999098181725,0.41524505615234375,1.5788594238281253,1.0,0.0,0.0,0.0,0.2,0.8,0.9,0.0
13,24.4444522857666,24.444445,36.46,34.63434982299805,3.6266363,0.028929999098181725,0.4461838901042938,1.4437683105468753,2.0,0.0,0.0,0.0,0.2,0.8,0.9,-2.3075668724814022
14,24.4444580078125,24.444445,37.37,32.2296028137207,4.5827465,0.028929999098181725,0.4608719050884247,1.4543701171875003,2.0,0.0,0.0,0.0,0.2,0.8,0.9,-4.13097592545455
15,24.44474220275879,24.444445,37.8,29.264551162719727,5.4859533,0.028929999098181725,0.470412015914917,1.4621377441406254,3.0,0.0,0.0,0.0,0.2,0.8,0.9,-7.033824561545771
16,24.547134399414062,24.555555,37.69,27.764028549194336,5.927588,0.028929999098181725,0.47186991572380066,1.191430517578125,2.0,0.0,0.0,0.13444889,0.2,0.8,0.9,-8.400486624395853
17,26.236801147460938,26.277779,37.08,28.089048385620117,4.197751,0.028929999098181725,0.4716618061065674,0.8847344238281252,2.0,0.0,0.0,0.60160863,0.2,0.7,0.9,-1.7625078390265116
18,24.323200225830078,24.166666,35.87,25.812458038330078,5.893009,0.028929999098181725,0.47112295031547546,0.5122299682617188,2.0,0.0,0.0,0.084738664,0.1,-0.01,0.0,-20.986463984536385
19,24.27819061279297,24.277779,33.77,25.43125343322754,6.2939315,0.028929999098181725,0.45847785472869873,0.16140679321289064,2.0,0.0,0.0,0.8764362,0.1,-0.01,0.0,-19.051241566208773
20,24.442495346069336,24.444445,31.27,25.98784637451172,4.8846555,0.028929999098181725,0.4507492780685425,0.002618420505523682,2.0,0.0,0.0,0.31919292,0.1,-0.01,0.0,-15.039093120172765
21,24.44441795349121,24.444445,29.4,24.860553741455078,3.8960073,0.028929999098181725,0.45212069153785706,0.0,2.0,0.0,0.0,0.5998938,0.1,-0.01,0.0,-12.344871392997447
22,25.76250457763672,25.777779,28.08,24.53089141845703,1.4694245,0.028929999098181725,0.4479691684246063,0.0,2.0,0.0,0.0,0.058971375,0.1,-0.01,0.6,-2.994442880677525
23,24.512968063354492,24.444445,27.14,25.457651138305664,2.4521813,0.028929999098181725,0.4334304928779602,0.0,2.0,0.0,0.0,0.51257414,0.1,0.7,0.6,-7.505863769216376
24,24.44551658630371,24.444445,26.48,25.779571533203125,2.5563493,0.028929999098181725,0.42794033885002136,0.0,2.0,0.0,0.0,0.0,0.1,0.7,0.6,-5.385531974039623
1,23.296375274658203,23.222221,25.94,26.22944450378418,3.670854,0.028929999098181725,0.41411009430885315,0.0,3.0,0.0,0.0,0.0,0.1,0.7,0.6,-10.207535537483636
2,22.260892868041992,22.222221,25.58,27.66854476928711,4.925592,0.028929999098181725,0.39644426107406616,0.0,3.0,0.0,0.0,0.0,0.1,0.7,0.6,-14.148160333137639
3,22.223526000976562,22.222221,25.44,28.90719985961914,4.247438,0.028929999098181725,0.3829624354839325,0.0,3.0,0.0,0.0,0.0,0.1,0.7,0.6,-11.194061237052665
4,22.22239875793457,22.222221,25.37,31.430118560791016,3.4502761,0.028929999098181725,0.376811146736145,0.0,3.0,0.0,0.0,0.0,0.1,0.7,0.6,-8.78708672063658
5,22.222246170043945,22.222221,25.31,33.38908386230469,2.9072232,0.028929999098181725,0.3684026598930359,0.0,3.0,0.0,0.0,0.0,0.1,0.7,0.6,-6.9646730268177635
6,22.222238540649414,22.222221,25.22,34.96939468383789,2.6225348,0.028929999098181725,0.37291455268859863,0.0,2.0,0.0,0.0,0.0,0.1,-0.01,0.6,-5.141702952096239
7,22.22223472595215,22.222221,25.67,37.288490295410156,2.492258,0.028929999098181725,0.37865254282951355,0.07235425415039064,2.0,0.0,0.0,0.0,0.1,-0.01,0.6,-4.610818470377126
8,22.331750869750977,22.333334,27.33,37.68798065185547,2.8549778,0.02914999984204769,0.3851411044597626,0.28636164550781257,1.0,0.0,0.0,0.0,0.1,-0.01,0.0,-4.672548031612678
9,22.224451065063477,22.222221,29.31,38.21443557739258,3.6746912,0.02914999984204769,0.39662328362464905,0.6234695068359376,1.0,0.0,0.0,0.0,0.1,-0.01,0.0,-6.559887835614063
10,23.322967529296875,23.333334,31.03,36.147186279296875,2.9296472,0.02914999984204769,0.3851460814476013,1.021033447265625,1.0,0.0,0.0,0.4307521,0.1,0.8,0.0,-3.7446363050876244
11,23.88824462890625,23.88889,33.03,36.05131530761719,2.7855158,0.02914999984204769,0.40055781602859497,1.4092549804687504,1.0,0.0,0.0,0.43075576,0.1,0.8,0.9,-4.125728610903025
12,24.442380905151367,24.444445,35.19,35.77361297607422,2.8164082,0.02914999984204769,0.4303881824016571,1.4749286132812502,1.0,0.0,0.0,0.21537793,0.2,0.8,0.9,-1.1300454628108128
13,24.444421768188477,24.444445,36.57,34.12998580932617,3.4208066,0.02914999984204769,0.45449313521385193,1.5033030761718753,1.0,0.0,0.0,0.0,0.2,0.8,0.9,-2.350226404993009
14,24.4444522857666,24.444445,37.35,30.441421508789062,4.262031,0.02914999984204769,0.47212401032447815,1.5171045410156252,1.0,0.0,0.0,0.1023834,0.2,0.8,0.9,-3.891914505744353
15,23.80582046508789,23.61111,37.42,28.736507415771484,6.8571687,0.02914999984204769,0.4804631769657135,1.4454326660156254,1.0,0.0,0.0,0.18018746,0.2,0.8,0.9,-10.453274373900058
16,23.344881057739258,23.333334,36.96,28.33767318725586,8.072055,0.05866999924182892,0.48293444514274597,1.2272192871093752,1.0,0.0,0.0,0.0,0.2,0.4,0.6,-14.741075151865516
17,24.133943557739258,24.166666,36.26,27.56908416748047,6.475914,0.05866999924182892,0.4864652454853058,0.9100327880859377,1.0,0.0,0.0,0.6461038,0.2,0.7,0.6,-10.410816341933241
18,24.41168212890625,24.444445,35.18,27.223222732543945,5.609792,0.05866999924182892,0.4876652657985687,0.5454816650390626,1.0,0.0,0.0,0.6461256,0.1,-0.01,0.0,-16.46195101246485
19,24.44375991821289,24.444445,33.42,26.522214889526367,4.6935997,0.02914999984204769,0.4882291257381439,0.1709419555664063,2.0,0.0,0.0,0.43075377,0.1,-0.01,0.0,-17.309423404516565
20,24.44444465637207,24.444445,30.98,24.55881690979004,3.8911228,0.02914999984204769,0.4879356622695923,0.0002477568626403809,2.0,0.0,0.0,0.0,0.1,-0.01,0.0,-14.991481003831723
21,24.4444522857666,24.444445,29.25,25.454973220825195,3.2616591,0.02914999984204769,0.48958370089530945,0.0,2.0,0.0,0.0,0.0,0.1,-0.01,0.0,-12.2943401303055
22,24.4444522857666,24.444445,27.99,25.164159774780273,2.747009,0.02914999984204769,0.48250001668930054,0.0,2.0,0.0,0.0,0.0,0.1,-0.01,0.6,-9.702593796886504
23,24.444454193115234,24.444445,27.02,25.375463485717773,2.3925107,0.028929999098181725,0.46307986974716187,0.0,3.0,0.0,0.0,0.0,0.1,0.7,0.6,-7.558975630439818
24,22.866493225097656,22.777779,26.24,24.975845336914062,4.109802,0.028929999098181725,0.43569445610046387,0.0,3.0,0.0,0.0,0.43074992,0.1,0.7,0.6,-16.119178627210204
1,23.218942642211914,23.222221,25.69,26.03349494934082,3.286028,0.028929999098181725,0.4309457540512085,0.0,3.0,0.0,0.0,0.0,0.1,0.7,0.6,-9.726111408686847
2,22.314739227294922,22.222221,25.43,27.9609317779541,3.8002837,0.028929999098181725,0.4058398902416229,0.0,3.0,0.0,0.0,0.0,0.1,0.7,0.6,-13.494995073415339
3,22.224973678588867,22.222221,25.34,30.331897735595703,3.5965793,0.028929999098181725,0.39140191674232483,0.0,3.0,0.0,0.0,0.0,0.1,0.7,0.6,-10.908155143493786
4,22.222549438476562,22.222221,25.32,30.363985061645508,3.0125492,0.028929999098181725,0.38968393206596375,0.0,3.0,0.0,0.0,0.0,0.1,0.7,0.6,-8.854928959393874
5,22.22220802307129,22.222221,25.22,32.62542724609375,2.595447,0.028929999098181725,0.39629772305488586,0.0,3.0,0.0,0.0,0.0,0.1,0.7,0.6,-7.231968064385001
6,22.22223663330078,22.222221,24.98,33.577091217041016,2.4006913,0.028929999098181725,0.40658026933670044,0.0,3.0,0.0,0.0,0.0,0.1,-0.01,0.6,-5.8747578575857915
7,22.222232818603516,22.222221,25.72,36.17150115966797,2.3197927,0.028929999098181725,0.4257846474647522,0.07357691802978517,2.0,0.0,0.0,0.0,0.1,-0.01,0.6,-5.541522968302161
8,22.33220100402832,22.333334,27.5,36.898231506347656,2.5173082,0.02914999984204769,0.44841083884239197,0.2921363342285157,2.0,0.0,0.0,0.0,0.1,-0.01,0.0,-6.359143565441627
9,24.30854606628418,24.444445,29.39,37.09534454345703,0.70767146,0.02914999984204769,0.4583769738674164,0.6596096923828125,1.0,0.0,0.0,0.0,0.4,-0.01,0.0,-17.981995932025548
10,24.444360733032227,24.444445,31.12,36.3253288269043,1.4185251,0.02914999984204769,0.44444307684898376,1.0698333251953127,1.0,0.0,0.0,0.21435478,0.1,0.8,0.0,-0.4848613739013672
11,24.444448471069336,24.444445,32.82,36.95887756347656,2.1790688,0.02914999984204769,0.4565747380256653,1.3998594726562503,1.0,0.0,0.0,0.0,0.1,0.8,0.9,0.0
12,24.44445037841797,24.444445,34.24,36.303890228271484,3.0222902,0.02914999984204769,0.479513943195343,1.4101946777343752,1.0,0.0,0.0,0.0,0.2,0.8,0.9,0.0
13,24.444454193115234,24.444445,35.41,34.5208740234375,3.649344,0.02914999984204769,0.4852637052536011,1.5412907226562502,1.0,0.0,0.0,0.0,0.2,0.8,0.9,0.0
14,24.444456100463867,24.444445,36.25,30.11655044555664,4.388859,0.02914999984204769,0.482537180185318,1.4270465332031252,1.0,0.0,0.0,0.0,0.2,0.8,0.9,-1.2748384655023983
15,24.444456100463867,24.444445,36.81,29.3632755279541,5.1155777,0.02914999984204769,0.47666841745376587,1.4393235351562503,1.0,0.0,0.0,0.0,0.2,0.8,0.9,-2.785945105311839
16,24.444454193115234,24.444445,37.02,27.903335571289062,6.0441656,0.05866999924182892,0.47160738706588745,1.2003413085937502,1.0,0.0,0.0,0.2143528,0.2,0.4,0.6,-4.544569951864105
17,24.44445037841797,24.444445,36.75,28.257183074951172,7.0657997,0.05866999924182892,0.4658723771572113,0.9758941406250001,1.0,0.0,0.0,0.0,0.2,0.7,0.6,-6.507273176339368
18,24.444448471069336,24.444445,35.87,26.207626342773438,7.0309772,0.05866999924182892,0.45749884843826294,0.6125310058593751,3.0,0.0,0.0,0.0,0.1,-0.01,0.0,-15.585800026168727
19,24.444482803344727,24.444445,34.09,24.8118953704834,5.8889565,0.02914999984204769,0.4514896869659424,0.18792326660156253,2.0,0.0,0.0,0.0,0.1,-0.01,0.0,-16.265342786573456
20,24.44445037841797,24.444445,31.03,24.861238479614258,4.671798,0.02914999984204769,0.4560501277446747,0.0019326898097991947,2.0,0.0,0.0,0.0,0.1,-0.01,0.0,-13.135356954331655
21,24.4444522857666,24.444445,29.65,23.72772216796875,4.2554197,0.02914999984204769,0.4654712677001953,0.0,2.0,0.0,0.0,0.6562868,0.1,-0.01,0.0,-11.236257227141323
22,24.444461822509766,24.444445,28.44,23.581802368164062,3.275659,0.02914999984204769,0.47372958064079285,0.0,3.0,0.0,0.0,0.2143547,0.1,-0.01,0.6,-9.663350359202013
23,24.444454193115234,24.444445,27.38,24.19156265258789,2.6240535,0.028929999098181725,0.46853986382484436,0.0,2.0,0.0,0.0,0.2143535,0.1,0.7,0.6,-7.3933958903980965
24,22.335311889648438,22.222221,26.29,23.629413604736328,4.9425626,0.028929999098181725,0.45844483375549316,0.0,3.0,0.0,0.0,0.0,0.1,0.7,0.6,-20.74689835895333
1,23.276456832885742,23.277779,25.3,25.06246566772461,3.0495837,0.028929999098181725,0.46008193492889404,0.0,3.0,0.0,0.0,0.0,0.1,0.7,0.6,-9.134324701750302
2,22.31410026550293,22.222221,24.61,27.006818771362305,3.4450493,0.028929999098181725,0.4513154923915863,0.0,3.0,0.0,0.0,0.0,0.1,0.7,0.6,-12.624645760111889
3,22.225513458251953,22.222221,24.35,28.613006591796875,3.2979424,0.028929999098181725,0.4230087399482727,0.0,3.0,0.0,0.0,0.0,0.1,0.7,0.6,-9.785292504242534
4,22.222579956054688,22.222221,24.15,31.067455291748047,2.7480094,0.028929999098181725,0.41121596097946167,0.0,3.0,0.0,0.0,0.0,0.1,0.7,0.6,-7.563171401619911
5,22.222261428833008,22.222221,24.13,30.954008102416992,2.356346,0.028929999098181725,0.4213029742240906,0.0,3.0,0.0,0.0,0.0,0.1,0.7,0.6,-6.074373457264301
6,22.222238540649414,22.222221,24.14,33.35296630859375,2.16638,0.028929999098181725,0.43950456380844116,0.0,3.0,0.0,0.0,0.0,0.1,-0.01,0.6,-5.040294255610206
7,22.222230911254883,22.222221,25.34,33.90811538696289,2.1110485,0.028929999098181725,0.4692046642303467,0.07312628631591798,2.0,0.0,0.0,0.0,0.1,-0.01,0.6,-5.139073703670874
8,22.277355194091797,22.277779,27.16,34.6225471496582,2.2446082,0.02914999984204769,0.5020773410797119,0.30256203002929694,1.0,0.0,0.0,0.0,0.1,-0.01,0.0,-5.800094555776013
9,22.222644805908203,22.222221,28.8,36.96888732910156,2.7354076,0.02914999984204769,0.5067043304443359,0.7067598632812501,1.0,0.0,0.0,0.0,0.1,-0.01,0.0,-7.869482010195497
10,24.305679321289062,24.444445,30.34,37.11147689819336,0.8632731,0.02914999984204769,0.4979178309440613,1.0876026855468752,1.0,0.0,0.0,0.0,0.4,0.8,0.0,-13.411692082010335
11,24.444414138793945,24.444445,31.77,36.57633972167969,1.39293,0.02914999984204769,0.5032957196235657,1.34618759765625,2.0,0.0,0.0,0.0,0.1,0.8,0.9,-0.04400062561035156
12,24.444448471069336,24.444445,33.12,36.81278991699219,1.883258,0.02914999984204769,0.5202459692955017,1.3761098144531252,2.0,0.0,0.0,0.0,0.2,0.8,0.9,-0.2512531280517578
13,24.44445037841797,24.444445,34.33,34.92377471923828,2.5938137,0.02914999984204769,0.5213693976402283,1.4828510742187502,2.0,0.0,0.0,0.0,0.2,0.8,0.9,0.0
14,24.444454193115234,24.444445,35.4,32.256744384765625,3.5058346,0.02914999984204769,0.5194204449653625,1.5631875000000002,2.0,0.0,0.0,0.0,0.2,0.8,0.9,-1.041222095318517
15,24.4444580078125,24.444445,36.32,31.44680404663086,4.4683037,0.02914999984204769,0.5163971185684204,1.4334360351562503,2.0,0.0,0.0,0.0,0.2,0.8,0.9,-2.387414236294717
16,24.444454193115234,24.444445,36.76,29.969717025756836,5.613886,0.05866999924182892,0.5085193514823914,1.2624275390625004,3.0,0.0,0.0,0.0,0.2,0.4,0.6,-4.4977603568841005
17,24.44445037841797,24.444445,36.66,28.974132537841797,6.316461,0.05866999924182892,0.5007185339927673,0.9816743408203127,3.0,0.0,0.0,0.0,0.2,0.7,0.6,-6.448669116511155
18,24.444448471069336,24.444445,35.97,26.51180648803711,6.5472894,0.05866999924182892,0.4927065074443817,0.6062695678710939,3.0,0.0,0.0,0.0,0.1,-0.01,0.0,-13.964980029417347
19,24.444448471069336,24.444445,34.17,25.940336227416992,5.5740995,0.02914999984204769,0.4875738024711609,0.18901658935546878,3.0,0.0,0.0,0.0,0.1,-0.01,0.0,-14.528423373940313
20,24.44445037841797,24.444445,31.48,24.79822540283203,4.7908525,0.02914999984204769,0.490402489900589,0.0,3.0,0.0,0.0,0.0,0.1,-0.01,0.0,-12.387731247235934
21,24.44445037841797,24.444445,30.9,24.356290817260742,4.6401,0.02914999984204769,0.4946337342262268,0.0,3.0,0.0,0.0,0.57581604,0.1,-0.01,0.0,-11.863410633090098
22,24.4444522857666,24.444445,29.69,23.79376220703125,3.7384934,0.02914999984204769,0.4965296685695648,0.0,3.0,0.0,0.0,0.0,0.1,-0.01,0.6,-10.672916420884576
23,24.444454193115234,24.444445,28.13,21.955615997314453,3.0688677,0.028929999098181725,0.4893677234649658,0.0,3.0,0.0,0.0,0.0,0.1,0.7,0.6,-8.783852954526083
24,24.4444522857666,24.444445,26.92,23.23699378967285,2.5591397,0.028929999098181725,0.4829384684562683,0.0,3.0,0.0,0.0,0.4266892,0.1,0.7,0.6,-6.710264699449908
1,23.3448429107666,23.277779,25.95,24.062456130981445,3.467259,0.028929999098181725,0.4542155861854553,0.0,3.0,0.0,0.0,0.0,0.1,0.7,0.6,-11.291167876697727
2,22.249954223632812,22.222221,24.94,26.04655647277832,4.7324414,0.028929999098181725,0.4409414529800415,0.0,3.0,0.0,0.0,0.0,0.1,0.7,0.6,-15.338629343026696
3,22.222606658935547,22.222221,23.87,29.8242244720459,3.91736,0.028929999098181725,0.4092092216014862,0.0,3.0,0.0,0.0,0.0,0.1,0.7,0.6,-11.14968993702496
4,22.222259521484375,22.222221,23.1,31.608627319335938,3.0027456,0.028929999098181725,0.39748048782348633,0.0,3.0,0.0,0.0,0.0,0.1,0.7,0.6,-7.935002256548614
5,22.222238540649414,22.222221,22.57,33.35487365722656,2.4551551,0.028929999098181725,0.3858474791049957,0.0,3.0,0.0,0.0,0.0,0.1,0.7,0.6,-5.698393156984821
6,22.22218894958496,22.222221,22.43,33.57337188720703,2.1024325,0.028929999098181725,0.4090045988559723,0.0,3.0,0.0,0.0,0.0,0.1,-0.01,0.6,-4.3641789412504295
7,22.22222900390625,22.222221,24.41,34.2442626953125,2.2269356,0.028929999098181725,0.44127634167671204,0.06934523162841798,3.0,0.0,0.0,0.0,0.1,-0.01,0.6,-5.425078372067219
8,22.277385711669922,22.277779,26.77,36.438079833984375,2.956727,0.02914999984204769,0.4734443426132202,0.30075272827148447,3.0,0.0,0.0,2.2398844,0.1,-0.01,0.0,-7.866025896804786
9,22.776275634765625,22.777779,29.28,36.37442398071289,2.43777,0.02914999984204769,0.49496757984161377,0.7415883544921876,1.0,0.0,0.0,0.0,0.1,-0.01,0.0,-7.400191417022143
10,24.365741729736328,24.444445,31.58,35.61927032470703,1.2468228,0.02914999984204769,0.47852134704589844,1.1200462646484377,1.0,0.0,0.0,0.0,0.1,0.8,0.0,-2.6269370538975636
11,24.444364547729492,24.444445,33.3,35.97620391845703,1.7759978,0.02914999984204769,0.47194144129753113,1.4002642089843753,1.0,0.0,0.0,0.0,0.1,0.8,0.9,-4.81505161169116
12,24.444448471069336,24.444445,34.46,33.45536422729492,2.3350785,0.02914999984204769,0.4787648618221283,1.4711399414062503,1.0,0.0,0.0,0.0,0.2,0.8,0.9,-2.159025447912427
13,25.664731979370117,25.666666,35.19,32.2285270690918,2.0367572,0.02914999984204769,0.48205357789993286,1.5983441894531252,1.0,0.0,0.0,1.3055186,0.2,0.8,0.9,0.0
14,26.661161422729492,26.666666,35.58,29.226518630981445,1.9817668,0.02914999984204769,0.47815632820129395,1.5007565917968753,2.0,0.0,0.0,0.6370584,0.2,0.8,0.9,0.0
15,26.666418075561523,26.666666,35.62,28.256071090698242,2.0497196,0.02914999984204769,0.472785621881485,1.472730615234375,2.0,0.0,0.0,0.0,0.2,0.8,0.9,0.0
16,26.66665267944336,26.666666,35.42,28.330259323120117,2.650506,0.05866999924182892,0.47133103013038635,1.2604514648437504,3.0,0.0,0.0,0.0,0.2,0.4,0.6,0.0
17,26.666671752929688,26.666666,35.0,28.026199340820312,3.2556121,0.05866999924182892,0.4678861200809479,1.0022756103515627,3.0,0.0,0.0,0.0,0.2,0.7,0.6,-1.111034404460952
18,26.666671752929688,26.666666,34.22,26.110883712768555,3.5674238,0.05866999924182892,0.46750587224960327,0.6061384643554688,2.0,0.0,0.0,0.0,0.1,-0.01,0.0,-4.025178352607327
19,25.354780197143555,25.333334,32.92,24.93121337890625,5.0573673,0.02914999984204769,0.46248000860214233,0.1986195190429688,3.0,0.0,0.0,0.0,0.1,-0.01,0.0,-12.447119597232813
20,24.453758239746094,24.444445,30.2,25.10089874267578,5.9380507,0.02914999984204769,0.4608685374259949,0.001266091346740723,3.0,0.0,0.0,0.2123609,0.1,-0.01,0.0,-16.44514674126185
21,24.444538116455078,24.444445,28.84,25.10936737060547,4.986175,0.02914999984204769,0.4643038511276245,0.0,3.0,0.0,0.0,0.0,0.1,-0.01,0.0,-14.231806906173006
22,24.444454193115234,24.444445,28.12,23.369375228881836,3.9556065,0.02914999984204769,0.46254897117614746,0.0,3.0,0.0,0.0,0.0,0.1,-0.01,0.6,-12.49010250181891
23,24.4444522857666,24.444445,27.37,23.321882247924805,3.165474,0.028929999098181725,0.4421089291572571,0.0,3.0,0.0,0.0,0.21236017,0.1,0.7,0.6,-10.610148640353145
24,24.444454193115234,24.444445,26.56,23.967796325683594,2.5727754,0.028929999098181725,0.42572543025016785,0.0,3.0,0.0,0.0,0.0,0.1,0.7,0.6,-8.441799641328544
1,23.373706817626953,23.277779,25.71,25.4086856842041,3.443113,0.028929999098181725,0.40102270245552063,0.0,3.0,0.0,0.0,0.0,0.1,0.7,0.6,-13.1733907610178
2,22.26214027404785,22.222221,24.9,27.647546768188477,4.7549973,0.028929999098181725,0.3826252520084381,0.0,3.0,0.0,0.0,0.0,0.1,0.7,0.6,-17.550846270183683
3,22.223203659057617,22.222221,24.22,28.92804527282715,3.9602144,0.028929999098181725,0.3652194142341614,0.0,3.0,0.0,0.0,0.0,0.1,0.7,0.6,-13.290978826247738
4,22.22234344482422,22.222221,23.75,32.25209426879883,3.1096087,0.028929999098181725,0.3552728593349457,0.0,3.0,0.0,0.0,0.0,0.1,0.7,0.6,-9.985936562894494
5,22.222278594970703,22.222221,23.56,32.8011474609375,3.3852592,0.028929999098181725,0.36142075061798096,0.0,3.0,0.0,0.0,0.9987049,0.1,0.7,0.6,-7.784764989177347
6,22.22219467163086,22.222221,23.61,34.6102294921875,2.4679842,0.028929999098181725,0.3866690695285797,0.0,3.0,0.0,0.0,0.0,0.1,-0.01,0.6,-6.446431583623053
7,22.22222900390625,22.222221,24.86,35.6395378112793,2.205327,0.028929999098181725,0.4088788330554962,0.06402539520263673,1.0,0.0,0.0,0.0,0.1,-0.01,0.6,-6.163554780418053
8,22.277509689331055,22.277779,27.08,37.010501861572266,2.399935,0.02914999984204769,0.42311331629753113,0.29274975585937507,1.0,0.0,0.0,0.0,0.1,-0.01,0.0,-7.702115550637245
9,22.77535629272461,22.777779,29.37,36.41836166381836,3.1564713,0.02914999984204769,0.42599934339523315,0.7512620361328126,1.0,0.0,0.0,0.9549579,0.1,-0.01,0.0,-7.741633736528456
10,24.37324333190918,24.444445,31.63,36.109039306640625,1.5000345,0.02914999984204769,0.40827298164367676,1.0691560546875,1.0,0.0,0.0,0.0,0.1,0.8,0.0,-2.852724659638625
11,24.444347381591797,24.444445,33.52,36.64678192138672,1.9693427,0.02914999984204769,0.42357632517814636,1.2641201660156254,1.0,0.0,0.0,0.0,0.1,0.8,0.9,-4.775506359615974
12,24.444448471069336,24.444445,35.0,34.82524490356445,2.5599189,0.02914999984204769,0.4420897662639618,1.4804037597656252,1.0,0.0,0.0,0.0,0.2,0.8,0.9,-2.6994729170146456
13,24.4444522857666,24.444445,36.03,34.78394317626953,3.452195,0.02914999984204769,0.4458899199962616,1.5257438964843753,2.0,0.0,0.0,0.0,0.2,0.8,0.9,-4.722626789021888
14,25.281837463378906,25.333334,36.63,30.899242401123047,3.2690127,0.02914999984204769,0.44544973969459534,1.5402314941406252,2.0,0.0,0.0,0.0,0.2,0.8,0.9,-2.904683750242839
15,24.547809600830078,24.444445,36.8,30.035785675048828,5.2793217,0.02914999984204769,0.4395768940448761,1.3108875000000002,3.0,0.0,0.0,0.7447866,0.2,0.8,0.9,-8.9427450060939
16,24.445905685424805,24.444445,36.63,29.323753356933594,6.172311,0.05866999924182892,0.43935757875442505,1.1651083740234376,2.0,0.0,0.0,0.0,0.2,0.4,0.6,-10.262343718208285
17,24.44451141357422,24.444445,36.16,27.358198165893555,6.2686696,0.05866999924182892,0.43345221877098083,0.9507152343750002,2.0,0.0,0.0,0.0,0.2,0.7,0.6,-11.33348210999975
18,24.44445037841797,24.444445,35.3,27.219423294067383,6.608397,0.05866999924182892,0.43074044585227966,0.5725764770507814,2.0,0.0,0.0,0.21139073,0.1,-0.01,0.0,-19.883783382192632
19,24.44445037841797,24.444445,33.84,25.56380271911621,5.6610017,0.02914999984204769,0.4330641031265259,0.18575903320312503,2.0,0.0,0.0,0.21139075,0.1,-0.01,0.0,-20.582194293678185
20,24.44445037841797,24.444445,31.8,25.484928131103516,4.689396,0.02914999984204769,0.43436411023139954,0.0022677934169769293,3.0,0.0,0.0,0.0,0.1,-0.01,0.0,-19.373426704583835
21,24.4444522857666,24.444445,29.9,24.359127044677734,3.9166245,0.02914999984204769,0.44103431701660156,0.0,3.0,0.0,0.0,0.0,0.1,-0.01,0.0,-17.325742527642433
22,24.4444522857666,24.444445,28.54,24.37445640563965,4.685743,0.02914999984204769,0.44549497961997986,0.0,3.0,0.0,0.0,1.5963271,0.1,-0.01,0.6,-14.880571713296376
23,24.44445037841797,24.444445,27.54,24.344635009765625,3.1077542,0.028929999098181725,0.43478289246559143,0.0,3.0,0.0,0.0,0.0,0.1,0.7,0.6,-12.419114908556367
24,24.444456100463867,24.444445,26.72,24.46330451965332,2.3913422,0.028929999098181725,0.4149722456932068,0.0,3.0,0.0,0.0,0.0,0.1,0.7,0.6,-9.906630419558496
1,23.372539520263672,23.277779,26.01,25.39693832397461,3.2792392,0.028929999098181725,0.4074867367744446,0.0,3.0,0.0,0.0,0.0,0.1,0.7,0.6,-14.810667912421195
2,22.26247787475586,22.222221,25.48,26.920272827148438,4.6925883,0.028929999098181725,0.37715065479278564,0.0,3.0,0.0,0.0,0.0,0.1,0.7,0.6,-19.664026724422
3,22.223522186279297,22.222221,25.24,29.061126708984375,4.057846,0.028929999098181725,0.37385207414627075,0.0,3.0,0.0,0.0,0.0,0.1,0.7,0.6,-15.70262762537459
4,22.222389221191406,22.222221,24.91,30.401660919189453,3.263845,0.028929999098181725,0.37021857500076294,0.0,3.0,0.0,0.0,0.0,0.1,0.7,0.6,-12.249666216262995
5,22.222225189208984,22.222221,24.54,31.88091278076172,2.7246237,0.028929999098181725,0.37172582745552063,0.0,3.0,0.0,0.0,0.0,0.1,0.7,0.6,-9.509865561300103
6,22.22223663330078,22.222221,24.19,34.44123840332031,2.438817,0.028929999098181725,0.37878942489624023,0.0,3.0,0.0,0.0,0.0,0.1,-0.01,0.6,-7.432416598909185
7,22.222232818603516,22.222221,24.91,36.193084716796875,2.3849459,0.028929999098181725,0.3835597336292267,0.06479261169433595,3.0,0.0,0.0,0.0,0.1,-0.01,0.6,-7.561157286167145
8,22.276880264282227,22.277779,26.81,37.1174430847168,3.9115586,0.028929999098181725,0.38602226972579956,0.2629179565429688,3.0,0.0,0.0,1.5799563,0.1,-0.01,0.0,-9.145776761582965
9,22.75835418701172,22.777779,29.01,36.056758880615234,2.8983784,0.028929999098181725,0.38349905610084534,0.5866777587890626,3.0,0.0,0.0,0.0,0.1,-0.01,0.0,-8.525643016069807
10,24.376161575317383,24.444445,31.02,35.97948455810547,1.4644966,0.028929999098181725,0.3752612769603729,0.9722616943359376,2.0,0.0,0.0,0.63131285,0.1,0.8,0.0,-2.9654617836094985
11,24.444320678710938,24.444445,32.8,35.05315399169922,2.19633,0.028929999098181725,0.3914036452770233,1.2423161132812501,2.0,0.0,0.0,0.34039396,0.1,0.8,0.9,-5.090071924263611
12,24.444448471069336,24.444445,34.34,34.6303825378418,2.6226823,0.028929999098181725,0.41495510935783386,1.3467433593750002,2.0,0.0,0.0,0.0,0.2,0.8,0.9,-2.8474695713121037
13,24.44445037841797,24.444445,35.59,33.705596923828125,6.1426105,0.028929999098181725,0.4229529798030853,1.38594375,3.0,0.0,0.0,3.2214942,0.2,0.8,0.9,-4.5994560526596615
14,24.993558883666992,25.0,36.37,30.895662307739258,4.755688,0.028929999098181725,0.4271582365036011,1.4113650878906254,3.0,0.0,0.0,0.0,0.2,0.8,0.9,-4.017505683528725
15,25.54885482788086,25.555555,36.75,29.84153175354004,4.104219,0.028929999098181725,0.4238378703594208,1.3636870605468752,2.0,0.0,0.0,0.25626755,0.2,0.8,0.9,-3.1328948684713396
16,27.212060928344727,27.222221,36.66,28.33095359802246,2.2920234,0.028929999098181725,0.4247451424598694,1.163425634765625,3.0,0.0,0.0,0.0,0.2,0.8,0.9,0.0
17,27.22154426574707,27.222221,36.01,27.33238983154297,3.0960183,0.028929999098181725,0.422610342502594,0.9303349365234376,3.0,0.0,0.0,2.8033445,0.2,0.7,0.9,0.0
18,27.22221565246582,27.222221,34.91,26.829153060913086,4.176141,0.028929999098181725,0.4229937195777893,0.5589963867187501,3.0,0.0,0.0,1.403101,0.1,-0.01,0.0,-2.7108605506364256
19,27.222227096557617,27.222221,33.29,26.16268539428711,3.2622855,0.028929999098181725,0.42336055636405945,0.18201223754882814,3.0,0.0,0.0,0.35262826,0.1,-0.01,0.0,-2.7963013609551126
20,27.222227096557617,27.222221,31.34,25.220346450805664,2.5764532,0.028929999098181725,0.42772194743156433,0.0036395673751831057,3.0,0.0,0.0,0.0,0.1,-0.01,0.0,-1.8965882519260049
21,27.222209930419922,27.222221,29.7,26.046693801879883,2.814959,0.028929999098181725,0.43747323751449585,0.0,3.0,0.0,0.0,0.93360084,0.1,-0.01,0.0,-1.0696933259168873
22,27.222211837768555,27.222221,28.56,24.205869674682617,1.9080728,0.028929999098181725,0.4521602392196655,0.0,3.0,0.0,0.0,0.4208772,0.1,-0.01,0.6,0.0
23,27.222227096557617,27.222221,27.66,24.52686882019043,1.4591773,0.028929999098181725,0.45536208152770996,0.0,3.0,0.0,0.0,0.0,0.1,0.7,0.6,0.0
24,27.22221565246582,27.222221,26.83,24.498310089111328,1.1553282,0.028929999098181725,0.4493587613105774,0.0,3.0,0.0,0.0,0.0,0.1,0.7,0.6,0.0
1,27.222227096557617,27.222221,26.06,25.64983367919922,0.9350706,0.028929999098181725,0.4698742926120758,0.0,3.0,0.0,0.0,0.0,0.4,0.7,0.6,-90.10567976510532
2,27.222209930419922,27.222221,25.44,27.240158081054688,0.75274515,0.028929999098181725,0.4635855555534363,0.0,3.0,0.0,0.0,0.0,0.4,0.7,0.6,-128.51604265671108
3,27.222225189208984,27.222221,25.12,30.1630916595459,0.6016012,0.028929999098181725,0.4683874249458313,0.0,3.0,0.0,0.0,0.0,0.2,0.7,0.6,-83.6513327437163
4,27.222196578979492,27.222221,24.73,30.960317611694336,0.46755865,0.028929999098181725,0.458919495344162,0.0,3.0,0.0,0.0,0.0,0.2,0.7,0.6,-91.7640125007872
5,27.222183227539062,27.222221,24.27,34.14970016479492,0.35321736,0.028929999098181725,0.47318366169929504,0.0,3.0,0.0,0.0,0.0,0.2,0.7,0.6,-100.4696415908377
6,27.222200393676758,27.222221,23.93,34.97773361206055,0.14514533,0.028929999098181725,0.48545747995376587,0.0,3.0,0.0,0.0,0.0,0.1,-0.01,0.6,-56.55985306614739
7,27.22222328186035,27.222221,24.72,35.601661682128906,0.3138743,0.028929999098181725,0.47887781262397766,0.0777456756591797,3.0,0.0,0.0,0.0,0.2,-0.01,0.6,-92.98637651521115
8,27.22222328186035,27.222221,26.84,37.77141571044922,0.51450324,0.028929999098181725,0.4768282175064087,0.22763492431640628,3.0,0.0,0.0,0.0,0.2,-0.01,0.0,-71.35614739623219
9,27.22222328186035,27.222221,29.33,37.41307830810547,0.89937156,0.028929999098181725,0.49798503518104553,0.5347163818359376,3.0,0.0,0.0,0.0,0.4,-0.01,0.0,-143.2952302981018
10,27.22222328186035,27.222221,31.54,35.54820251464844,1.2845168,0.028929999098181725,0.4969939887523651,0.7239750732421876,3.0,0.0,0.0,0.0,0.1,0.8,0.0,-38.310290032073
11,27.222225189208984,27.222221,33.41,35.338077545166016,1.8284115,0.028929999098181725,0.49799537658691406,1.0241939208984376,3.0,0.0,0.0,0.0,0.1,0.8,0.9,-11.299965456717041
12,25.58525848388672,25.555555,35.01,33.40180206298828,4.3984056,0.028929999098181725,0.5039533376693726,1.0894986328125,2.0,0.0,0.0,0.08424588,0.2,0.8,0.9,-0.7477207183837891
13,25.08447265625,25.0,36.2,31.285839080810547,7.3280015,0.028929999098181725,0.4996187388896942,1.1699783935546877,2.0,0.0,0.0,0.05387618,0.2,0.8,0.9,0.0
14,26.657062530517578,26.666666,36.78,30.678451538085938,4.6696625,0.028929999098181725,0.49783197045326233,1.1275239990234376,2.0,0.0,0.0,0.5749913,0.2,0.8,0.9,-0.8691425323486328
15,25.58102035522461,25.555555,36.77,30.316553115844727,5.3963637,0.028929999098181725,0.4939703047275543,0.9853649414062502,2.0,0.0,0.0,0.1668073,0.2,0.8,0.9,0.0
16,23.658174514770508,23.5,36.18,28.176877975463867,9.441396,0.028929999098181725,0.49687644839286804,0.8378137939453125,2.0,0.0,0.0,0.45780352,0.2,0.8,0.9,-9.565802049477497
17,23.377838134765625,23.333334,34.82,26.43577003479004,10.608549,0.028929999098181725,0.4925130605697632,0.6033090087890626,3.0,0.0,0.0,0.0,0.2,0.7,0.9,-11.30582391535063
18,24.260374069213867,24.277779,33.39,27.1461181640625,7.613954,0.028929999098181725,0.4899848997592926,0.36905438232421883,3.0,0.0,0.0,0.0,0.1,-0.01,0.0,-11.321054202562664
19,24.424718856811523,24.444445,31.99,25.298294067382812,5.4206243,0.028929999098181725,0.49534112215042114,0.12210248107910159,3.0,0.0,0.0,0.0,0.1,-0.01,0.0,-10.208595891923324
20,25.300912857055664,25.333334,30.58,25.357494354248047,3.1484468,0.028929999098181725,0.49002161622047424,0.004431985187530518,3.0,0.0,0.0,0.41899168,0.1,-0.01,0.0,-4.642071644808311
21,26.635265350341797,26.666666,29.37,24.930477142333984,1.218429,0.028929999098181725,0.5059443116188049,0.0,3.0,0.0,0.0,0.4190079,0.1,-0.01,0.0,0.0
22,24.85686492919922,24.777779,28.29,23.739686965942383,2.5465865,0.028929999098181725,0.509623110294342,0.0,3.0,0.0,0.0,0.0,0.1,-0.01,0.6,-5.079921425844077
23,24.45140266418457,24.444445,27.28,25.042259216308594,3.5323887,0.028929999098181725,0.5065817832946777,0.0,3.0,0.0,0.0,0.0,0.1,0.7,0.6,-4.992269696118456
24,24.444618225097656,24.444445,26.4,24.861146926879883,3.0654147,0.028929999098181725,0.5071753263473511,0.0,3.0,0.0,0.0,0.0,0.1,0.7,0.6,-3.2645499609097897
1,23.391094207763672,23.277779,25.72,24.37813949584961,3.8665125,0.028929999098181725,0.49967479705810547,0.0,3.0,0.0,0.0,0.0,0.1,0.7,0.6,-6.516569644736592
2,22.261699676513672,22.222221,25.2,25.299942016601562,5.184355,0.028929999098181725,0.5116027593612671,0.0,3.0,0.0,0.0,0.0,0.1,0.7,0.6,-9.879226132776239
3,22.223384857177734,22.222221,24.8,28.862539291381836,4.3342876,0.028929999098181725,0.5007569193840027,0.0,3.0,0.0,0.0,0.0,0.1,0.7,0.6,-7.363439494292834
4,22.222326278686523,22.222221,24.48,30.398862838745117,3.4704187,0.028929999098181725,0.49219709634780884,0.0,3.0,0.0,0.0,0.0,0.1,0.7,0.6,-5.361938940608525
5,22.222246170043945,22.222221,24.22,33.65916061401367,2.9097283,0.028929999098181725,0.4842226207256317,0.0,3.0,0.0,0.0,0.0,0.1,0.7,0.6,-3.8926896821976698
6,22.22225570678711,22.222221,24.04,34.07748794555664,4.1340938,0.028929999098181725,0.49549952149391174,0.0,3.0,0.0,0.0,1.5633582,0.1,-0.01,0.6,-2.84529425029541
7,22.222240447998047,22.222221,24.71,34.812320709228516,2.9502373,0.028929999098181725,0.5065743923187256,0.07070885467529299,1.0,0.0,0.0,0.20850451,0.1,-0.01,0.6,-2.1977895103773335
8,22.277408599853516,22.277779,26.18,36.30730438232422,2.607364,0.02914999984204769,0.5155921578407288,0.25902619628906254,1.0,0.0,0.0,0.0,0.1,-0.01,0.0,-2.347893591519096
9,22.776700973510742,22.777779,28.7,34.62556076049805,2.3004026,0.02914999984204769,0.526607096195221,0.5017945678710938,1.0,0.0,0.0,0.0,0.1,-0.01,0.0,-1.9449940422200598
10,24.367164611816406,24.444445,30.99,35.67851257324219,1.0921263,0.02914999984204769,0.5235084295272827,0.7119604248046876,1.0,0.0,0.0,0.0,0.1,0.8,0.0,0.0
11,24.44432258605957,24.444445,32.88,32.52257537841797,1.666379,0.02914999984204769,0.5347262024879456,0.7927937255859376,1.0,0.0,0.0,0.41718233,0.1,0.8,0.9,0.0
12,24.444448471069336,24.444445,34.3,30.656259536743164,2.2824903,0.02914999984204769,0.5427520871162415,1.071402685546875,1.0,0.0,0.0,0.0,0.2,0.8,0.9,0.0
13,24.499187469482422,24.5,35.26,28.215543746948242,2.9850795,0.02914999984204769,0.5413970947265625,1.1518671386718753,1.0,0.0,0.0,0.21480481,0.2,0.8,0.9,0.0
14,25.633108139038086,25.666666,35.43,27.011966705322266,2.788489,0.02914999984204769,0.5376965999603271,1.2388201171875002,1.0,0.0,0.0,0.16436546,0.2,0.8,0.9,-0.1788196563720703
15,24.569612503051758,24.444445,35.19,27.064151763916016,3.7866793,0.02914999984204769,0.5237311720848083,1.1085610107421875,0.0,0.0,0.0,0.0,0.2,0.8,0.9,-1.7473020819634257
16,24.447555541992188,24.444445,34.9,26.372770309448242,5.2466035,0.05866999924182892,0.5128424763679504,0.932677587890625,0.0,0.0,0.0,0.0,0.2,0.4,0.6,-2.54615280908547
17,24.444486618041992,24.444445,33.27,25.3011531829834,5.4576106,0.05866999924182892,0.5067547559738159,0.7111692626953126,0.0,0.0,0.0,0.20859128,0.2,0.7,0.6,-2.6673412332056614
18,24.22572135925293,24.222221,30.88,24.43901824951172,5.545827,0.05866999924182892,0.4970102310180664,0.41965085449218753,1.0,0.0,0.0,0.41718134,0.1,-0.01,0.0,-7.9252911415096605
19,23.3494815826416,23.333334,28.49,24.353748321533203,5.884019,0.02914999984204769,0.48917442560195923,0.13532804260253908,1.0,0.0,0.0,0.0,0.1,-0.01,0.0,-12.259548139732942
20,23.553064346313477,23.555555,26.84,24.25287628173828,6.1045904,0.02914999984204769,0.49785953760147095,0.0031989546775817875,1.0,0.0,0.0,1.8533087,0.1,-0.01,0.0,-8.71840149864147
21,24.441442489624023,24.444445,26.09,24.387216567993164,2.8420863,0.02914999984204769,0.5083267688751221,0.0,3.0,0.0,0.0,0.0,0.1,-0.01,0.0,-3.1848423306691984
22,24.444271087646484,24.444445,25.72,24.3657169342041,4.0759797,0.02914999984204769,0.5091332197189331,0.0,3.0,0.0,0.0,2.3639038,0.1,-0.01,0.6,-2.2591416519717313
23,24.444448471069336,24.444445,25.39,23.087141036987305,2.368216,0.028929999098181725,0.496667742729187,0.0,3.0,0.0,0.0,0.0,0.1,0.7,0.6,-1.3348285946449323
24,24.444454193115234,24.444445,24.99,23.95943260192871,1.7690095,0.028929999098181725,0.481655478477478,0.0,3.0,0.0,0.0,0.0,0.1,0.7,0.6,0.0
1,23.33792495727539,23.277779,24.58,23.485565185546875,2.6836908,0.028929999098181725,0.44430792331695557,0.0,3.0,0.0,0.0,0.0,0.1,0.7,0.6,-2.4171955606434494
2,22.259347915649414,22.222221,24.34,25.102561950683594,4.0830097,0.028929999098181725,0.4387955665588379,0.0,3.0,0.0,0.0,0.0,0.1,0.7,0.6,-4.952723382099066
3,22.22335433959961,22.222221,24.16,26.607513427734375,3.5563731,0.028929999098181725,0.4371747076511383,0.0,3.0,0.0,0.0,0.0,0.1,0.7,0.6,-3.564387398204417
4,22.222368240356445,22.222221,24.0,27.11148452758789,2.9757645,0.028929999098181725,0.4411228597164154,0.0,3.0,0.0,0.0,0.83033013,0.1,0.7,0.6,-2.531674249799835
5,22.222312927246094,22.222221,23.83,26.905109405517578,2.4106088,0.028929999098181725,0.4525385797023773,0.0,2.0,0.0,0.0,0.0,0.1,0.7,0.6,-1.5421011653379537
6,22.22224235534668,22.222221,23.69,28.12548828125,2.1401052,0.028929999098181725,0.4759456515312195,0.0,2.0,0.0,0.0,0.0,0.1,-0.01,0.6,0.0
7,22.22223472595215,22.222221,24.04,28.168048858642578,1.9654527,0.028929999098181725,0.5019208192825317,0.03707818450927735,2.0,0.0,0.0,0.0,0.1,-0.01,0.6,0.0
8,22.276626586914062,22.277779,24.71,27.959720611572266,1.8580618,0.02914999984204769,0.5120326280593872,0.13818273925781252,1.0,0.0,0.0,0.0,0.1,-0.01,0.0,0.0
9,22.772172927856445,22.777779,25.66,28.289270401000977,1.4389939,0.02914999984204769,0.519681990146637,0.21211624145507815,1.0,0.0,0.0,0.20769559,0.1,-0.01,0.0,0.0
10,24.3001766204834,24.444445,26.7,29.242189407348633,0.42101532,0.02914999984204769,0.5154398083686829,0.44737639160156256,1.0,0.0,0.0,0.0,0.2,0.6,0.0,-11.028125477655783
11,24.44440460205078,24.444445,27.33,27.621356964111328,0.6777231,0.02914999984204769,0.522612452507019,0.6137341186523438,2.0,0.0,0.0,0.0,0.2,0.8,0.9,-9.043644495995029
12,24.444448471069336,24.444445,27.74,26.302953720092773,0.8742726,0.02914999984204769,0.5301580429077148,0.7198627441406251,1.0,0.0,0.0,0.0,0.66,0.8,0.9,-174.91284071331646
13,24.4444522857666,24.444445,28.16,26.297765731811523,1.2991021,0.02914999984204769,0.5314810872077942,0.4925437866210938,1.0,0.0,0.0,0.0,0.2,0.6,0.7,-52.31777646518051
14,25.034141540527344,25.055555,28.56,23.66368293762207,1.0500436,0.02914999984204769,0.5295485854148865,0.45609147949218753,1.0,0.0,0.0,0.0,0.2,0.6,0.7,-61.18735063653963
15,24.496408462524414,24.444445,28.66,23.09288215637207,1.6272228,0.02914999984204769,0.5247578024864197,0.3341167602539063,1.0,0.0,0.0,0.41536215,0.2,0.6,0.7,-25.467929480487797
16,24.44561195373535,24.444445,28.34,24.191598892211914,1.9672565,0.05866999924182892,0.5215824246406555,0.2733340942382813,1.0,0.0,0.0,0.0,0.2,0.6,0.4,-22.230616852039404
17,24.44449234008789,24.444445,27.67,24.594928741455078,2.186818,0.05866999924182892,0.5195501446723938,0.34565181884765633,3.0,0.0,0.0,0.0,0.2,0.7,0.45,-18.18854048632095
18,24.444412231445312,24.444445,26.82,23.305641174316406,2.1867375,0.05866999924182892,0.5142987966537476,0.15573975219726566,3.0,0.0,0.0,0.0,0.1,-0.01,0.0,-4.201187599918521
19,24.4444522857666,24.444445,25.7,24.379493713378906,1.9489229,0.02914999984204769,0.5068678259849548,0.058386328125000005,3.0,0.0,0.0,0.20769554,0.1,-0.01,0.0,-4.068554692500906
20,24.444459915161133,24.444445,24.49,25.255857467651367,1.7911261,0.02914999984204769,0.4930695593357086,0.003032750988006592,3.0,0.0,0.0,1.0383743,0.1,-0.01,0.0,-4.81574167094308
21,24.4444522857666,24.444445,23.8,23.955167770385742,1.5633954,0.02914999984204769,0.479644238948822,0.0,3.0,0.0,0.0,0.41538614,0.1,-0.01,0.0,-6.453131511551338
22,24.4444522857666,24.444445,23.66,24.082469940185547,1.4050072,0.02914999984204769,0.4715918004512787,0.0,3.0,0.0,0.0,0.20769183,0.1,-0.01,0.6,-8.044117716550502
23,24.444454193115234,24.444445,23.76,23.056331634521484,1.2246138,0.028929999098181725,0.4582529366016388,0.0,3.0,0.0,0.0,0.20768885,0.1,0.7,0.6,-9.490718475346211
24,24.444454193115234,24.444445,24.05,22.909101486206055,1.0937321,0.028929999098181725,0.4381791949272156,0.0,3.0,0.0,0.0,0.20769599,0.1,0.7,0.6,-10.596554313368822
1,23.332141876220703,23.277779,24.25,24.44583511352539,2.0703692,0.028929999098181725,0.44973117113113403,0.0,3.0,0.0,0.0,0.0,0.1,0.7,0.6,-1.4811549631343586
2,22.278898239135742,22.222221,24.26,24.383607864379883,3.64999,0.028929999098181725,0.41957899928092957,0.0,3.0,0.0,0.0,1.033988,0.1,0.7,0.6,-0.2166614532470703
3,22.223546981811523,22.222221,24.14,25.733104705810547,3.2127104,0.028929999098181725,0.41291722655296326,0.0,3.0,0.0,0.0,0.0,0.1,0.7,0.6,-0.3110771179199219
4,22.222381591796875,22.222221,23.94,25.986404418945312,2.5654771,0.028929999098181725,0.4378640651702881,0.0,3.0,0.0,0.0,0.0,0.1,0.7,0.6,-0.3799171447753906
5,22.222370147705078,22.222221,23.76,26.37244987487793,2.7605412,0.028929999098181725,0.46872401237487793,0.0,3.0,0.0,0.0,0.72639143,0.1,0.7,0.6,-0.397979736328125
6,22.22224235534668,22.222221,23.66,27.657806396484375,2.4453585,0.028929999098181725,0.4963904321193695,0.0,3.0,0.0,0.0,0.13321777,0.1,-0.01,0.6,-0.36919403076171875
7,22.22223472595215,22.222221,23.94,29.01961326599121,2.0261052,0.028929999098181725,0.5112324953079224,0.05847799072265626,3.0,0.0,0.0,0.0,0.1,-0.01,0.6,-0.24109649658203125
8,22.2758731842041,22.277779,24.53,28.27897834777832,2.8557353,0.02914999984204769,0.5130815505981445,0.16855894775390626,1.0,0.0,0.0,1.2687874,0.1,-0.01,0.0,-0.31699562072753906
9,22.228851318359375,22.222221,25.4,28.499475479125977,2.779843,0.02914999984204769,0.5107256770133972,0.25181737060546877,1.0,0.0,0.0,0.6891206,0.1,-0.01,0.0,-0.1175994873046875
10,24.21415901184082,24.444445,26.27,28.472021102905273,0.21463881,0.02914999984204769,0.5163316130638123,0.4786035278320313,1.0,0.0,0.0,0.0,0.1,0.6,0.0,-7.234169717304828
11,24.43576431274414,24.444445,27.29,27.19913673400879,0.38013008,0.02914999984204769,0.5228004455566406,0.7357970214843751,1.0,0.0,0.0,0.0,0.2,0.8,0.9,-19.624467033962894
12,24.444416046142578,24.444445,27.98,25.925983428955078,0.87404084,0.02914999984204769,0.5294901132583618,0.7066727050781251,1.0,0.0,0.0,0.0,0.66,0.8,0.9,-186.2480617535116
13,24.444448471069336,24.444445,28.37,25.408092498779297,1.1488855,0.02914999984204769,0.5353786945343018,0.8571287109375002,1.0,0.0,0.0,0.0,0.2,0.8,0.9,-58.486613144865125
14,24.444454193115234,24.444445,28.41,24.750905990600586,1.5236136,0.02914999984204769,0.5400739908218384,0.9016277343750002,1.0,0.0,0.0,0.0,0.2,0.8,0.9,-45.275399359409555
15,24.19212532043457,24.166666,28.04,25.02179718017578,2.0971222,0.02914999984204769,0.5423637628555298,0.8698263427734376,1.0,0.0,0.0,0.0,0.2,0.8,0.9,-24.887626190686287
16,23.37201690673828,23.333334,27.72,23.639095306396484,3.5054922,0.05866999924182892,0.5425502061843872,0.7096854492187501,1.0,0.0,0.0,0.0,0.2,0.4,0.6,-8.085723076617382
17,23.60881805419922,23.61111,27.38,24.612117767333984,3.620875,0.05866999924182892,0.5412288904190063,0.4435962524414063,1.0,0.0,0.0,0.0,0.2,0.7,0.45,-10.53813848411316
18,24.43802261352539,24.444445,26.83,23.099231719970703,2.3499098,0.05866999924182892,0.5409797430038452,0.29939880981445316,1.0,0.0,0.0,0.20681988,0.1,-0.01,0.0,-7.534186549901751
19,24.444168090820312,24.444445,26.0,23.847850799560547,1.7958772,0.02914999984204769,0.541549026966095,0.11473105773925783,2.0,0.0,0.0,0.0,0.1,-0.01,0.0,-5.387655384380171
20,24.444446563720703,24.444445,25.03,23.659072875976562,1.6735528,0.02914999984204769,0.541746199131012,0.0009473298311233522,3.0,0.0,0.0,0.20681873,0.1,-0.01,0.0,-4.189726452546512
21,24.44445037841797,24.444445,24.55,24.243236541748047,1.5548239,0.02914999984204769,0.541256844997406,0.0,3.0,0.0,0.0,0.2068197,0.1,-0.01,0.0,-4.407538758614244
22,24.4444522857666,24.444445,24.35,23.564834594726562,1.5092261,0.02914999984204769,0.5377858877182007,0.0,3.0,0.0,0.0,1.0339183,0.1,-0.01,0.6,-4.98514274748316
23,24.4444522857666,24.444445,24.2,23.501842498779297,1.3377092,0.028929999098181725,0.5345898866653442,0.0,3.0,0.0,0.0,0.4136338,0.1,0.7,0.6,-5.869987899353376
24,24.444459915161133,24.444445,24.07,23.89522361755371,2.4446962,0.028929999098181725,0.5333846807479858,0.0,3.0,0.0,0.0,1.7175331,0.1,0.7,0.6,-7.015886397638034
1,23.314884185791016,23.277779,23.94,25.240657806396484,2.4808323,0.028929999098181725,0.513970673084259,0.0,3.0,0.0,0.0,0.20596245,0.1,0.7,0.6,-0.898529052734375
2,22.327272415161133,22.222221,23.8,26.499452590942383,3.4393117,0.028929999098181725,0.5263956785202026,0.0,3.0,0.0,0.0,0.0,0.1,0.7,0.6,-0.018360137939453125
3,22.226282119750977,22.222221,23.64,27.712854385375977,3.1331563,0.028929999098181725,0.521726667881012,0.0,3.0,0.0,0.0,0.0,0.1,0.7,0.6,-0.1439533233642578
4,22.222240447998047,22.222221,23.54,30.071271896362305,2.5203135,0.028929999098181725,0.5295965671539307,0.0,3.0,0.0,0.0,0.0,0.1,0.7,0.6,-0.21458816528320312
5,22.22223663330078,22.222221,23.37,33.40370178222656,2.195362,0.028929999098181725,0.5412726402282715,0.0,3.0,0.0,0.0,0.0,0.1,0.7,0.6,-0.23479461669921875
6,22.222238540649414,22.222221,23.33,34.426876068115234,1.8814102,0.028929999098181725,0.552125871181488,0.0,2.0,0.0,0.0,0.0,0.1,-0.01,0.6,-0.3180408477783203
7,22.222230911254883,22.222221,24.49,34.51583480834961,1.78868,0.028929999098181725,0.5536066889762878,0.07398163146972658,1.0,0.0,0.0,0.0,0.1,-0.01,0.6,-0.16320037841796875
8,22.27745246887207,22.277779,25.88,36.077213287353516,1.8983968,0.02914999984204769,0.5560628771781921,0.2866835449218751,1.0,0.0,0.0,0.0,0.1,-0.01,0.0,0.0
9,22.777645111083984,22.777779,28.13,36.8877067565918,1.799757,0.02914999984204769,0.5482900738716125,0.6504774902343751,1.0,0.0,0.0,0.0,0.1,-0.01,0.0,0.0
10,24.35131072998047,24.444445,30.69,36.78175354003906,0.87049323,0.02914999984204769,0.5419522523880005,1.0499386962890627,1.0,0.0,0.0,0.0,0.4,0.8,0.0,-48.39079342905014
11,24.444393157958984,24.444445,32.51,35.838375091552734,1.4763603,0.02914999984204769,0.5396873950958252,1.2190300048828127,1.0,0.0,0.0,0.0,0.1,0.8,0.9,-2.2699286404102246
12,24.44445037841797,24.444445,33.93,34.6903190612793,2.356227,0.02914999984204769,0.5388455390930176,1.205617822265625,2.0,0.0,0.0,0.0,0.2,0.8,0.9,-2.7603595067573177
13,24.444454193115234,24.444445,34.97,33.235836029052734,3.216107,0.02914999984204769,0.5407495498657227,1.3380842285156251,2.0,0.0,0.0,0.0,0.2,0.8,0.9,-0.4957256317138672
14,24.73422622680664,24.777779,35.66,28.680864334106445,3.7049139,0.02914999984204769,0.5389991998672485,1.3450034179687502,1.0,0.0,0.0,0.0,0.2,0.8,0.9,-0.3054962158203125
15,24.961870193481445,25.0,35.9,27.939388275146484,4.147208,0.02914999984204769,0.5356886982917786,1.2307738769531251,1.0,0.0,0.0,0.41186813,0.2,0.8,0.9,-0.010538101196289062
16,24.787185668945312,24.777779,35.8,26.65718650817871,5.050993,0.05866999924182892,0.5337600111961365,1.0638264404296875,1.0,0.0,0.0,0.124139786,0.2,0.4,0.6,0.0
17,23.37973976135254,23.333334,35.16,26.095664978027344,7.632448,0.05866999924182892,0.5339835286140442,0.8109818115234376,1.0,0.0,0.0,0.0,0.2,0.7,0.6,-6.319687425453594
18,23.77568817138672,23.777779,34.2,25.972105026245117,7.6760163,0.05866999924182892,0.5343551635742188,0.4795411010742188,2.0,0.0,0.0,0.0,0.1,-0.01,0.0,-11.711003847653046
19,24.436607360839844,24.444445,32.49,24.76527214050293,5.7108445,0.02914999984204769,0.5357198715209961,0.16394776611328127,3.0,0.0,0.0,2.4518125,0.1,-0.01,0.0,-9.133967300764198
20,24.4443302154541,24.444445,29.4,25.448768615722656,4.0332804,0.02914999984204769,0.541309118270874,0.00620735034942627,3.0,0.0,0.0,0.41191497,0.1,-0.01,0.0,-8.1866419782491
21,24.444448471069336,24.444445,28.18,24.704204559326172,3.2348871,0.02914999984204769,0.5449451804161072,0.0,3.0,0.0,0.0,0.0,0.1,-0.01,0.0,-7.140444956618012
22,24.44445037841797,24.444445,27.31,23.823503494262695,2.8998635,0.02914999984204769,0.5369234681129456,0.0,3.0,0.0,0.0,0.82380545,0.1,-0.01,0.6,-5.895765080480487
23,24.4444522857666,24.444445,26.38,23.65995216369629,2.459178,0.028929999098181725,0.5236123204231262,0.0,3.0,0.0,0.0,0.20596339,0.1,0.7,0.6,-4.470981385678897
24,24.444454193115234,24.444445,25.65,22.428558349609375,2.1010392,0.028929999098181725,0.5001757740974426,0.0,3.0,0.0,0.0,0.0,0.1,0.7,0.6,-3.1274551128772146
1,23.372583389282227,23.277779,25.05,23.801179885864258,3.0718372,0.028929999098181725,0.4470452070236206,0.0,3.0,0.0,0.0,0.0,0.1,0.7,0.6,-6.497613833285868
2,22.256635665893555,22.222221,24.58,26.31345558166504,4.5329547,0.028929999098181725,0.42526888847351074,0.0,3.0,0.0,0.0,0.0,0.1,0.7,0.6,-10.283826089522336
3,22.223108291625977,22.222221,24.16,30.420223236083984,3.85572,0.028929999098181725,0.39928102493286133,0.0,3.0,0.0,0.0,0.0,0.1,0.7,0.6,-7.792515356108197
4,22.222339630126953,22.222221,23.78,31.354698181152344,3.0767086,0.028929999098181725,0.39114171266555786,0.0,3.0,0.0,0.0,0.0,0.1,0.7,0.6,-5.839048662222922
5,22.222318649291992,22.222221,23.29,34.32230758666992,2.5338414,0.028929999098181725,0.38652774691581726,0.0,3.0,0.0,0.0,0.0,0.1,0.7,0.6,-4.34321347164223
6,22.222244262695312,22.222221,22.93,36.33137130737305,3.4764316,0.028929999098181725,0.3941234052181244,0.0,3.0,0.0,0.0,1.5117201,0.1,-0.01,0.6,-3.3414691931247944
7,22.22223472595215,22.222221,24.74,36.77385711669922,2.5943582,0.028929999098181725,0.427538126707077,0.04412108917236329,2.0,0.0,0.0,0.0,0.1,-0.01,0.6,-3.7007257072000357
8,22.277421951293945,22.277779,27.04,39.136531829833984,2.5505137,0.02914999984204769,0.43801358342170715,0.24395505981445317,2.0,0.0,0.0,0.0,0.1,-0.01,0.0,-5.259472727208049
9,22.775991439819336,22.777779,29.64,39.43165588378906,2.5635686,0.02914999984204769,0.46259838342666626,0.6756279785156251,2.0,0.0,0.0,0.41025335,0.1,-0.01,0.0,-5.596237590452802
10,24.378585815429688,24.444445,32.08,38.01156997680664,1.4503775,0.02914999984204769,0.4592304527759552,1.0776084228515626,1.0,0.0,0.0,0.0,0.1,0.8,0.0,-1.78032860532403
11,24.444345474243164,24.444445,34.32,38.07301712036133,2.18035,0.02914999984204769,0.48255255818367004,1.3690760742187502,2.0,0.0,0.0,0.4102545,0.1,0.8,0.9,-4.530073738165811
12,24.444448471069336,24.444445,36.16,35.469146728515625,4.255242,0.02914999984204769,0.492419958114624,1.5644976562500004,2.0,0.0,0.0,1.7513958,0.2,0.8,0.9,-3.6562424977055343
13,24.444454193115234,24.444445,37.53,34.2226448059082,4.262424,0.02914999984204769,0.4947560727596283,1.5934998046875002,1.0,0.0,0.0,0.41021818,0.2,0.8,0.9,-5.6784317075653234
14,25.104190826416016,25.11111,38.42,31.71563720703125,3.8937674,0.02914999984204769,0.48925796151161194,1.5849292968750004,1.0,0.0,0.0,0.0,0.2,0.8,0.9,-4.553234839710058
15,24.95513153076172,24.944445,38.73,30.111713409423828,4.701611,0.02914999984204769,0.48087406158447266,1.4880278320312503,2.0,0.0,0.0,0.0,0.2,0.8,0.9,-7.986568279102357
16,23.47357749938965,23.333334,38.57,29.23438835144043,7.9634037,0.05866999924182892,0.47777119278907776,1.3178400878906251,2.0,0.0,0.0,0.41024202,0.2,0.4,0.6,-23.11826337103048
17,23.72163963317871,23.722221,37.74,27.701793670654297,8.811006,0.05866999924182892,0.4746784567832947,1.0462981933593751,3.0,0.0,0.0,0.0,0.2,0.7,0.6,-21.790929448092356
18,24.433855056762695,24.444445,36.26,27.159439086914062,7.284512,0.05866999924182892,0.4708233177661896,0.6484132324218751,3.0,0.0,0.0,0.0,0.1,-0.01,0.0,-24.6743197475771
19,24.444263458251953,24.444445,34.1,26.301855087280273,5.819162,0.02914999984204769,0.46431636810302734,0.20718971557617188,3.0,0.0,0.0,0.0,0.1,-0.01,0.0,-23.758428641627688
20,24.44442367553711,24.444445,31.75,24.531848907470703,4.7696605,0.02914999984204769,0.45582345128059387,0.0006293279170989991,3.0,0.0,0.0,0.0,0.1,-0.01,0.0,-20.581675105935574
21,24.44445037841797,24.444445,30.12,25.375568389892578,4.0824485,0.02914999984204769,0.4539666771888733,0.0,3.0,0.0,0.0,0.6153711,0.1,-0.01,0.0,-17.81373914829237
22,24.4444522857666,24.444445,28.95,23.64763832092285,3.4886966,0.02914999984204769,0.4513123631477356,0.0,3.0,0.0,0.0,0.0,0.1,-0.01,0.6,-15.516751326216763
23,24.4444522857666,24.444445,27.87,22.973398208618164,2.9475849,0.028929999098181725,0.43694445490837097,0.0,3.0,0.0,0.0,0.0,0.1,0.7,0.6,-13.179774312917289
24,24.444454193115234,24.444445,26.89,23.737382888793945,2.5078864,0.028929999098181725,0.42345473170280457,0.0,3.0,0.0,0.0,0.0,0.1,0.7,0.6,-10.631929630941158
1,23.4766902923584,23.38889,26.04,25.63905143737793,3.3290293,0.028929999098181725,0.41269558668136597,0.0,3.0,0.0,0.0,0.0,0.1,0.7,0.6,-14.72395872749621
2,24.441429138183594,24.444445,25.34,26.775331497192383,1.7742562,0.028929999098181725,0.40636274218559265,0.0,3.0,0.0,0.0,0.0,0.1,0.7,0.6,-5.173939784875984
3,24.44438934326172,24.444445,24.74,29.597686767578125,1.3866218,0.028929999098181725,0.377397745847702,0.0,3.0,0.0,0.0,0.0,0.1,0.7,0.6,-3.2453896601837187
4,24.44445037841797,24.444445,24.21,31.30894660949707,1.2439476,0.028929999098181725,0.3634452521800995,0.0,3.0,0.0,0.0,0.0,0.1,0.7,0.6,-1.878156782277074
5,24.44439697265625,24.444445,23.89,34.5485954284668,1.1541256,0.028929999098181725,0.3545263409614563,0.0,3.0,0.0,0.0,0.0,0.1,0.7,0.6,-1.0320714923764172
6,24.4444522857666,24.444445,23.81,35.327369689941406,1.038267,0.028929999098181725,0.3909754157066345,0.0,3.0,0.0,0.0,0.0,0.1,-0.01,0.6,0.0
7,24.44445037841797,24.444445,25.1,36.21565246582031,1.2754183,0.028929999098181725,0.4141124188899994,0.07773279418945313,3.0,0.0,0.0,0.0,0.1,-0.01,0.6,0.0
8,23.085908889770508,23.055555,27.21,38.12278747558594,3.182194,0.028929999098181725,0.40232494473457336,0.30106217651367195,3.0,0.0,0.0,0.0,0.1,-0.01,0.0,-7.165451044744259
9,22.7997989654541,22.777779,29.58,37.385826110839844,4.53351,0.028929999098181725,0.3869989216327667,0.7393665527343751,3.0,0.0,0.0,0.0,0.1,-0.01,0.0,-12.040987893837155
10,24.152910232543945,24.166666,32.01,37.681793212890625,3.9645448,0.028929999098181725,0.37400221824645996,1.1294761230468753,2.0,0.0,0.0,1.2487504,0.1,0.8,0.0,-6.698214489097154
11,24.442813873291016,24.444445,34.16,36.23484420776367,4.0849066,0.028929999098181725,0.39482834935188293,1.4130363281250002,2.0,0.0,0.0,0.17811482,0.1,0.8,0.9,-8.254409305754962
12,24.444429397583008,24.444445,35.86,35.29348373413086,4.1775007,0.028929999098181725,0.4243319630622864,1.5897807128906252,2.0,0.0,0.0,0.0,0.2,0.8,0.9,-5.803990532764146
13,24.44445037841797,24.444445,37.12,33.191505432128906,5.377144,0.028929999098181725,0.4400328993797302,1.6647312011718751,1.0,0.0,0.0,0.7648077,0.2,0.8,0.9,-7.652195201404538
14,24.444454193115234,24.444445,37.83,30.252742767333984,5.821708,0.028929999098181725,0.45430848002433777,1.68870791015625,2.0,0.0,0.0,0.40856555,0.2,0.8,0.9,-10.186108689962566
15,24.44465446472168,24.444445,37.89,28.960567474365234,6.74689,0.028929999098181725,0.46844974160194397,1.6025727539062502,2.0,0.0,0.0,0.9161499,0.2,0.8,0.9,-12.962172637435287
16,24.444459915161133,24.444445,37.31,27.79111671447754,7.919622,0.028929999098181725,0.4738491475582123,1.3909855957031252,2.0,0.0,0.0,0.21534976,0.2,0.8,0.9,-14.53073535207659
17,24.444448471069336,24.444445,36.21,26.75333023071289,7.339828,0.028929999098181725,0.4747658669948578,1.0853953125000002,1.0,0.0,0.0,0.47999957,0.2,0.7,0.9,-14.119018963279814
18,24.337736129760742,24.333334,34.55,26.106470108032227,7.0311513,0.028929999098181725,0.47449028491973877,0.6033965698242189,2.0,0.0,0.0,0.24127004,0.1,-0.01,0.0,-22.711672487526812
19,23.89792251586914,23.88889,32.67,26.505495071411133,6.583314,0.028929999098181725,0.4731740951538086,0.17128540649414065,2.0,0.0,0.0,0.15139319,0.1,-0.01,0.0,-25.699559200787917
20,23.99825668334961,24.0,30.59,26.09914779663086,5.438388,0.028929999098181725,0.4667184352874756,0.0,3.0,0.0,0.0,0.6135724,0.1,-0.01,0.0,-21.399165052047465
21,24.435853958129883,24.444445,29.04,25.802881240844727,3.8096457,0.028929999098181725,0.4580737054347992,0.0,3.0,0.0,0.0,0.6637173,0.1,-0.01,0.0,-14.302309025984869
22,24.443883895874023,24.444445,27.86,24.195358276367188,3.097869,0.028929999098181725,0.4544067978858948,0.0,3.0,0.0,0.0,0.48772374,0.1,-0.01,0.6,-11.516148690225236
23,22.381807327270508,22.222221,26.82,24.396244049072266,5.432045,0.028929999098181725,0.4411439001560211,0.0,3.0,0.0,0.0,0.0,0.1,0.7,0.6,-27.591146279024542
24,22.223953247070312,22.222221,26.04,25.185537338256836,5.434361,0.028929999098181725,0.42436984181404114,0.0,3.0,0.0,0.0,0.0,0.1,0.7,0.6,-22.88476188587083
1,23.221786499023438,23.277779,25.54,25.40471076965332,2.9428995,0.028929999098181725,0.40000760555267334,0.0,3.0,0.0,0.0,0.0,0.1,0.7,0.6,-10.159280795836821
2,22.242517471313477,22.222221,25.23,28.131744384765625,3.3759654,0.028929999098181725,0.3742426633834839,0.0,3.0,0.0,0.0,0.0,0.1,0.7,0.6,-14.215276483304478
3,23.6645450592041,23.666666,25.04,28.717121124267578,1.4679364,0.028929999098181725,0.3658696711063385,0.0,3.0,0.0,0.0,0.0,0.1,0.7,0.6,-3.6546744132065214
4,23.88650894165039,23.88889,24.9,30.941747665405273,1.0860397,0.028929999098181725,0.3510199189186096,0.0,3.0,0.0,0.0,0.0,0.1,0.7,0.6,-1.8092437825544039
5,22.52041244506836,22.444445,24.73,32.03268051147461,2.2808838,0.028929999098181725,0.34483954310417175,0.0,3.0,0.0,0.0,0.0,0.1,0.7,0.6,-5.911549739426846
6,22.226985931396484,22.222221,24.6,34.180519104003906,3.063309,0.028929999098181725,0.3388914167881012,0.0,3.0,0.0,0.0,0.0,0.1,-0.01,0.6,-5.4380139170680195
7,22.22258186340332,22.222221,25.51,34.87455749511719,2.9899483,0.028929999098181725,0.34521034359931946,0.07413896026611329,3.0,0.0,0.0,0.0,0.1,-0.01,0.6,-5.431486431640224
8,22.277137756347656,22.277779,27.4,37.35918426513672,3.1444128,0.028929999098181725,0.3563874661922455,0.30147482299804695,2.0,0.0,0.0,0.0,0.1,-0.01,0.0,-6.513687516620848
9,24.330095291137695,24.444445,29.29,36.82645797729492,1.1714805,0.028929999098181725,0.3612673282623291,0.7437142089843751,2.0,0.0,0.0,0.0,0.1,-0.01,0.0,0.0
10,24.444290161132812,24.444445,31.17,35.88917922973633,1.827485,0.028929999098181725,0.36232835054397583,1.1339609619140627,1.0,0.0,0.0,0.0,0.1,0.8,0.0,-1.9355835680071323
11,24.444448471069336,24.444445,32.75,34.83819580078125,2.6182463,0.028929999098181725,0.3821861147880554,1.4344554199218753,1.0,0.0,0.0,0.0,0.1,0.8,0.9,-3.499700024698541
12,24.44445037841797,24.444445,34.07,33.35931396484375,3.170862,0.028929999098181725,0.4039437472820282,1.6158610839843752,1.0,0.0,0.0,0.16982011,0.2,0.8,0.9,-1.6438555104286934
13,24.4444522857666,24.444445,35.8,32.34062957763672,4.9242415,0.028929999098181725,0.4294080436229706,1.6406704101562501,2.0,0.0,0.0,0.4982875,0.2,0.8,0.9,-3.3913937485522183
14,25.35903549194336,25.444445,36.82,29.383623123168945,4.5515285,0.028929999098181725,0.4421798884868622,1.5433681640625003,2.0,0.0,0.0,0.3351346,0.2,0.8,0.9,-1.6221045882011822
15,26.65265464782715,26.666666,37.01,29.21961784362793,2.9272351,0.028929999098181725,0.44951364398002625,1.5569731933593753,2.0,0.0,0.0,0.052610572,0.2,0.8,0.9,0.0
16,24.41534996032715,24.222221,36.56,26.90104866027832,5.537844,0.028929999098181725,0.45670583844184875,1.3310327636718753,2.0,0.0,0.0,0.13171582,0.2,0.8,0.9,-10.923758268836536
17,23.38170051574707,23.333334,35.34,25.87617301940918,9.111946,0.028929999098181725,0.4593557119369507,1.0027346923828127,2.0,0.0,0.0,0.2596617,0.2,0.7,0.9,-17.61303612975462
18,24.051982879638672,24.055555,33.85,26.141193389892578,8.193523,0.028929999098181725,0.4494270384311676,0.6178386474609376,3.0,0.0,0.0,0.4070299,0.1,-0.01,0.0,-19.62786015952952
19,24.4291934967041,24.444445,31.98,24.849979400634766,5.689123,0.028929999098181725,0.43837347626686096,0.20497029418945314,3.0,0.0,0.0,0.0,0.1,-0.01,0.0,-15.169899360174895
20,24.283245086669922,24.277779,30.03,25.2823486328125,4.603704,0.028929999098181725,0.43361398577690125,0.00504462947845459,3.0,0.0,0.0,0.0,0.1,-0.01,0.0,-13.31800025794655
21,23.90044403076172,23.88889,28.71,25.15773582458496,4.4341593,0.028929999098181725,0.43721503019332886,0.0,3.0,0.0,0.0,0.0,0.1,-0.01,0.0,-13.13133404031396
22,24.052318572998047,24.055555,27.68,24.94789695739746,3.6268291,0.028929999098181725,0.4369170367717743,0.0,3.0,0.0,0.0,0.2035148,0.1,-0.01,0.6,-9.322040470757202
23,24.41341781616211,24.444445,26.75,25.307788848876953,3.7883494,0.028929999098181725,0.42894768714904785,0.0,3.0,0.0,0.0,1.4609622,0.1,0.7,0.6,-5.048330698686186
24,24.44367790222168,24.444445,26.01,25.535783767700195,2.3657928,0.028929999098181725,0.4231044352054596,0.0,3.0,0.0,0.0,0.0,0.1,0.7,0.6,-3.3597078728635097
1,23.375961303710938,23.277779,25.61,25.63810920715332,3.1277444,0.028929999098181725,0.42916977405548096,0.0,3.0,0.0,0.0,0.0,0.1,0.7,0.6,-6.889323296039947
2,22.461441040039062,22.38889,25.46,25.72134017944336,4.341324,0.028929999098181725,0.3999541401863098,0.0,3.0,0.0,0.0,0.0,0.1,0.7,0.6,-9.756829335834482
3,23.320899963378906,23.333334,25.35,27.77277946472168,2.5868661,0.028929999098181725,0.380572110414505,0.0,3.0,0.0,0.0,0.0,0.1,0.7,0.6,-3.3898132973263273
4,23.16984748840332,23.166666,25.3,28.54075813293457,2.2318974,0.028929999098181725,0.39160585403442383,0.0,3.0,0.0,0.0,0.0,0.1,0.7,0.6,-2.9305648623594607
5,22.302799224853516,22.222221,25.21,30.265071868896484,3.0900993,0.028929999098181725,0.4095969498157501,0.0,3.0,0.0,0.0,0.0,0.1,0.7,0.6,-5.556556632291176
6,22.224424362182617,22.222221,25.11,31.323436737060547,3.884791,0.028929999098181725,0.44728022813796997,0.0,3.0,0.0,0.0,2.794281,0.1,-0.01,0.6,-4.421705220829608
7,22.22223663330078,22.222221,25.61,34.183834075927734,3.826597,0.028929999098181725,0.4746153950691223,0.0440760223388672,1.0,0.0,0.0,0.9334254,0.1,-0.01,0.6,-3.487015990773216
8,22.276569366455078,22.277779,26.56,33.632164001464844,3.2181818,0.02914999984204769,0.5026956796646118,0.1933137634277344,1.0,0.0,0.0,0.0,0.1,-0.01,0.0,-3.3520348763559014
9,22.773969650268555,22.777779,27.84,33.23952102661133,2.5639527,0.02914999984204769,0.5001816749572754,0.4830374633789063,1.0,0.0,0.0,0.0,0.1,-0.01,0.0,-2.35661687038737
10,24.364717483520508,24.444445,29.19,33.51744842529297,1.1320653,0.02914999984204769,0.48972946405410767,0.9004763671875001,1.0,0.0,0.0,0.0,0.1,0.8,0.0,0.0
11,24.444305419921875,24.444445,30.76,32.68431091308594,1.7660629,0.02914999984204769,0.4909074902534485,1.099843359375,1.0,0.0,0.0,0.0,0.1,0.8,0.9,0.0
12,24.444448471069336,24.444445,32.12,31.48277473449707,2.2402675,0.02914999984204769,0.4961618185043335,1.2089685791015627,1.0,0.0,0.0,0.0,0.2,0.8,0.9,-0.11415672302246094
13,24.4444522857666,24.444445,33.37,30.036293029785156,2.9252663,0.02914999984204769,0.49893155694007874,1.3282727050781253,1.0,0.0,0.0,0.0,0.2,0.8,0.9,0.0
14,24.4444580078125,24.444445,33.96,28.52754020690918,3.7451744,0.02914999984204769,0.5005552768707275,1.2210691406250003,2.0,0.0,0.0,0.0,0.2,0.8,0.9,0.0
15,24.444576263427734,24.444445,34.01,28.126651763916016,4.658943,0.02914999984204769,0.5033972859382629,1.1795091796875001,2.0,0.0,0.0,0.0,0.2,0.8,0.9,0.0
16,24.4444580078125,24.444445,33.62,27.803117752075195,4.9451947,0.05866999924182892,0.5032775402069092,1.0201653808593751,1.0,0.0,0.0,0.0,0.2,0.4,0.6,-1.0756393749943527
17,24.444509506225586,24.444445,32.92,26.29913330078125,5.016989,0.05866999924182892,0.5037400722503662,0.7960651611328126,1.0,0.0,0.0,0.4053736,0.2,0.7,0.6,-1.2297778118263523
18,25.432527542114258,25.444445,32.09,26.531349182128906,3.4502556,0.05866999924182892,0.5021469593048096,0.50727802734375,1.0,0.0,0.0,0.0,0.1,-0.01,0.0,-1.285032195450185
19,26.37642478942871,26.38889,30.95,25.885704040527344,1.6669458,0.02914999984204769,0.4997638761997223,0.16663538818359377,1.0,0.0,0.0,0.0,0.1,-0.01,0.0,0.0
20,24.567516326904297,24.444445,29.22,24.9976806640625,4.2272563,0.02914999984204769,0.4960159361362457,0.005724769020080568,2.0,0.0,0.0,1.6924322,0.1,-0.01,0.0,-4.937343876463274
21,24.44512176513672,24.444445,27.99,25.076547622680664,4.039408,0.02914999984204769,0.4942423701286316,0.0,3.0,0.0,0.0,0.0,0.1,-0.01,0.0,-4.186691644605162
22,24.44449234008789,24.444445,27.18,25.625410079956055,4.0837173,0.02914999984204769,0.4956747889518738,0.0,3.0,0.0,0.0,0.9345119,0.1,-0.01,0.6,-3.1438697252051497
23,24.4444522857666,24.444445,26.48,25.225196838378906,2.980708,0.028929999098181725,0.487399697303772,0.0,3.0,0.0,0.0,1.013662,0.1,0.7,0.6,-2.0423323662580515
24,24.444456100463867,24.444445,25.9,25.04167938232422,2.276206,0.028929999098181725,0.4749092161655426,0.0,3.0,0.0,0.0,0.0,0.1,0.7,0.6,-1.1268036628061964
1,23.425355911254883,23.333334,25.51,25.626575469970703,3.1178346,0.028929999098181725,0.43333306908607483,0.0,3.0,0.0,0.0,0.0,0.1,0.7,0.6,-3.394316797352076
2,22.277389526367188,22.222221,25.2,26.424985885620117,4.6011763,0.028929999098181725,0.41334307193756104,0.0,3.0,0.0,0.0,0.0,0.1,0.7,0.6,-6.739585900217207
3,22.223739624023438,22.222221,24.95,27.54801368713379,4.0226235,0.028929999098181725,0.3936319947242737,0.0,3.0,0.0,0.0,0.0,0.1,0.7,0.6,-5.176204735776992
4,22.22243309020996,22.222221,24.75,30.78280258178711,3.3641424,0.028929999098181725,0.39090684056282043,0.0,3.0,0.0,0.0,0.0,0.1,0.7,0.6,-3.9500774006010033
5,22.222423553466797,22.222221,24.54,31.986431121826172,3.6085029,0.028929999098181725,0.3930332064628601,0.0,3.0,0.0,0.0,0.93788064,0.1,0.7,0.6,-3.039073141349945
6,22.22224998474121,22.222221,24.42,33.35743713378906,3.2290497,0.028929999098181725,0.4065534770488739,0.0,3.0,0.0,0.0,0.5569717,0.1,-0.01,0.6,-2.4037276500748703
7,22.222232818603516,22.222221,25.18,35.2497673034668,2.8261576,0.028929999098181725,0.4211363196372986,0.05905165557861329,2.0,0.0,0.0,0.13263245,0.1,-0.01,0.6,-2.272503574295115
8,22.22222900390625,22.222221,26.26,35.10981369018555,2.8704464,0.02914999984204769,0.434832364320755,0.2797170959472656,2.0,0.0,0.0,0.5528947,0.1,-0.01,0.0,-2.973816993777291
9,22.775636672973633,22.777779,28.01,34.57511901855469,2.485334,0.02914999984204769,0.4456620216369629,0.7122771972656251,1.0,0.0,0.0,0.0,0.1,-0.01,0.0,-2.3274799611099297
10,24.37291145324707,24.444445,29.9,35.512821197509766,1.243559,0.02914999984204769,0.4234389066696167,1.0485013916015626,1.0,0.0,0.0,0.20198524,0.1,0.8,0.0,0.0
11,24.444339752197266,24.444445,31.94,34.39949035644531,1.8527573,0.02914999984204769,0.4367724061012268,1.3426797363281253,1.0,0.0,0.0,0.40397036,0.1,0.8,0.9,0.0
12,24.444448471069336,24.444445,33.56,33.326744079589844,2.4128811,0.02914999984204769,0.4599417448043823,1.4688373535156252,1.0,0.0,0.0,0.20198523,0.2,0.8,0.9,0.0
13,24.44445037841797,24.444445,34.74,32.04234313964844,3.223059,0.02914999984204769,0.46415120363235474,1.4621705566406251,1.0,0.0,0.0,0.0,0.2,0.8,0.9,0.0
14,24.444456100463867,24.444445,35.33,29.8492488861084,4.0141087,0.02914999984204769,0.4740765690803528,1.4417915039062503,1.0,0.0,0.0,0.20198037,0.2,0.8,0.9,0.0
15,24.444456100463867,24.444445,35.53,29.105077743530273,4.6825624,0.02914999984204769,0.47816309332847595,1.4128163085937502,1.0,0.0,0.0,0.0,0.2,0.8,0.9,-1.792498950529989
16,24.149581909179688,24.11111,35.37,27.922481536865234,5.7053533,0.05866999924182892,0.4783613085746765,1.2582613769531252,1.0,0.0,0.0,0.0,0.2,0.4,0.6,-4.091243241506163
17,23.8970947265625,23.88889,34.88,26.962778091430664,6.636442,0.05866999924182892,0.4780949354171753,1.0091263916015627,2.0,0.0,0.0,0.0,0.2,0.7,0.6,-6.676482403432601
18,24.435955047607422,24.444445,34.12,27.442167282104492,6.0709085,0.05866999924182892,0.4764806926250458,0.615702978515625,3.0,0.0,0.0,0.40396875,0.1,-0.01,0.0,-10.623895913016895
19,25.159894943237305,25.166666,32.56,26.120384216308594,3.8971386,0.02914999984204769,0.4765951335430145,0.1810267272949219,3.0,0.0,0.0,0.0,0.1,-0.01,0.0,-6.504451478485862
20,24.469022750854492,24.444445,30.49,24.609006881713867,3.9925303,0.02914999984204769,0.47708702087402344,0.0031592694282531744,3.0,0.0,0.0,0.20198503,0.1,-0.01,0.0,-9.137703062882792
21,24.44476318359375,24.444445,29.46,24.890823364257812,3.9339159,0.02914999984204769,0.4823278486728668,0.0,3.0,0.0,0.0,0.807925,0.1,-0.01,0.0,-7.715259383843659
22,24.4444580078125,24.444445,28.37,23.063692092895508,3.350082,0.02914999984204769,0.48166653513908386,0.0,3.0,0.0,0.0,0.0,0.1,-0.01,0.6,-6.212909577243408
23,24.4444522857666,24.444445,27.42,24.153362274169922,2.8591516,0.028929999098181725,0.46471738815307617,0.0,3.0,0.0,0.0,0.0,0.1,0.7,0.6,-4.736223789226642
24,22.90420150756836,22.777779,26.54,23.04034996032715,4.449356,0.028929999098181725,0.4416111409664154,0.0,3.0,0.0,0.0,0.0,0.1,0.7,0.6,-12.16677544178674
1,23.329998016357422,23.333334,25.76,25.154457092285156,3.4453359,0.028929999098181725,0.4146803915500641,0.0,3.0,0.0,0.0,0.0,0.1,0.7,0.6,-6.451498068639921
2,22.331085205078125,22.222221,25.09,26.087308883666992,3.9903302,0.028929999098181725,0.39359185099601746,0.0,3.0,0.0,0.0,0.0,0.1,0.7,0.6,-10.279300331036211
3,22.226675033569336,22.222221,24.46,29.043853759765625,3.7315254,0.028929999098181725,0.3845987915992737,0.0,3.0,0.0,0.0,0.0,0.1,0.7,0.6,-7.740742191730533
4,22.222749710083008,22.222221,23.94,32.0916862487793,3.052571,0.028929999098181725,0.38154488801956177,0.0,3.0,0.0,0.0,0.0,0.1,0.7,0.6,-5.707794610410929
5,22.222314834594727,22.222221,23.77,33.86073303222656,2.6090214,0.028929999098181725,0.37820056080818176,0.0,3.0,0.0,0.0,0.0,0.1,0.7,0.6,-4.403219008832821
6,22.22224235534668,22.222221,23.76,36.13772964477539,2.3733115,0.028929999098181725,0.3873225152492523,0.0,3.0,0.0,0.0,0.0,0.1,-0.01,0.6,-3.5663682206395606
7,22.222232818603516,22.222221,25.0,37.7886848449707,2.369404,0.028929999098181725,0.4045467972755432,0.0661264114379883,2.0,0.0,0.0,0.0,0.1,-0.01,0.6,-3.7918879838107387
8,22.22222900390625,22.222221,27.06,37.53349685668945,2.769549,0.02914999984204769,0.421134889125824,0.28839922485351566,2.0,0.0,0.0,0.20125175,0.1,-0.01,0.0,-5.5500841790490085
9,22.77484703063965,22.777779,29.44,38.02302932739258,2.5793066,0.02914999984204769,0.4226970970630646,0.7289150390625001,0.0,0.0,0.0,0.0,0.1,-0.01,0.0,-4.705167741180048
10,24.381359100341797,24.444445,31.88,38.807044982910156,1.4912758,0.02914999984204769,0.40434730052948,1.1190952148437503,1.0,0.0,0.0,0.0,0.1,0.8,0.0,-1.3953867103882658
11,24.444355010986328,24.444445,34.1,37.80133056640625,2.0832996,0.02914999984204769,0.4362705647945404,1.3976118164062503,1.0,0.0,0.0,0.0,0.1,0.8,0.9,-3.567261571475683
12,24.444448471069336,24.444445,35.81,37.33662796020508,2.6911893,0.02914999984204769,0.4719064235687256,1.5642761718750002,1.0,0.0,0.0,0.0,0.2,0.8,0.9,-2.1764026764467417
13,26.29932975769043,26.38889,37.03,34.435707092285156,1.427068,0.02914999984204769,0.4859107434749603,1.6283979492187501,1.0,0.0,0.0,0.0,0.2,0.8,0.9,0.0
14,26.666526794433594,26.666666,37.82,31.68291664123535,1.66229,0.02914999984204769,0.488516628742218,1.6468532226562502,1.0,0.0,0.0,0.0,0.2,0.8,0.9,0.0
15,25.09041976928711,25.0,38.27,30.861980438232422,3.87874,0.02914999984204769,0.4911070168018341,1.568393994140625,2.0,0.0,0.0,0.40249294,0.2,0.8,0.9,-7.396300466356479
16,24.46242904663086,24.444445,38.35,29.975038528442383,6.820668,0.05866999924182892,0.4930539131164551,1.3667206054687502,2.0,0.0,0.0,0.20125179,0.2,0.4,0.6,-13.868694350912847
17,24.444660186767578,24.444445,37.98,28.679378509521484,8.053311,0.05866999924182892,0.4953794479370117,1.0782273925781252,2.0,0.0,0.0,0.0,0.2,0.7,0.6,-16.146727679428295
18,26.617496490478516,26.666666,37.01,27.01441192626953,4.438411,0.05866999924182892,0.49743396043777466,0.6791094726562501,3.0,0.0,0.0,0.40250298,0.1,-0.01,0.0,-8.544789561859943
19,26.053363800048828,26.0,35.2,25.659313201904297,3.7593732,0.02914999984204769,0.4962511360645294,0.2179573425292969,2.0,0.0,0.0,0.20124929,0.1,-0.01,0.0,-13.692687509814277
20,23.429271697998047,23.333334,32.1,25.91645622253418,7.270027,0.02914999984204769,0.49501022696495056,0.0009340385198593141,2.0,0.0,0.0,0.0,0.1,-0.01,0.0,-36.22724805929829
21,24.444387435913086,24.444445,30.35,24.375608444213867,5.2853565,0.02914999984204769,0.49616554379463196,0.0,3.0,0.0,0.0,0.22271876,0.1,-0.01,0.0,-21.672369915908348
22,24.44445037841797,24.444445,29.03,24.232242584228516,4.51564,0.02914999984204769,0.49258050322532654,0.0,3.0,0.0,0.0,0.0,0.1,-0.01,0.6,-19.2709726406938
23,24.4444522857666,24.444445,28.01,23.917984008789062,3.5684063,0.028929999098181725,0.47063779830932617,0.0,3.0,0.0,0.0,0.0,0.1,0.7,0.6,-16.542718552696897
24,22.379770278930664,22.222221,27.13,24.42913055419922,5.810078,0.028929999098181725,0.4453114867210388,0.0,3.0,0.0,0.0,0.0,0.1,0.7,0.6,-35.11126670613885
1,23.331933975219727,23.333334,26.35,24.91692543029785,3.6948302,0.028929999098181725,0.4125639498233795,0.0,3.0,0.0,0.0,0.0,0.1,0.7,0.6,-18.80209077435211
2,22.297927856445312,22.222221,25.63,28.37691879272461,4.155882,0.028929999098181725,0.40045684576034546,0.0,3.0,0.0,0.0,0.0,0.1,0.7,0.6,-24.358794547209982
3,22.228527069091797,22.222221,24.95,30.007877349853516,3.8641543,0.028929999098181725,0.38205286860466003,0.0,3.0,0.0,0.0,0.0,0.1,0.7,0.6,-19.34746052720584
4,22.22270393371582,22.222221,24.36,32.83229064941406,3.2324128,0.028929999098181725,0.3709366023540497,0.0,3.0,0.0,0.0,0.0,0.1,0.7,0.6,-15.093997433436016
5,22.2222843170166,22.222221,23.88,33.74577713012695,2.7469478,0.028929999098181725,0.37734752893447876,0.0,3.0,0.0,0.0,0.0,0.1,0.7,0.6,-11.856592432028265
6,22.22206687927246,22.222221,23.9,37.373130798339844,2.7372105,0.028929999098181725,0.39420223236083984,0.0,3.0,0.0,0.0,0.0,0.1,-0.01,0.6,-9.940854961881996
7,22.222225189208984,22.222221,25.5,38.00499725341797,3.9783812,0.028929999098181725,0.41974273324012756,0.06435518188476563,2.0,0.0,0.0,1.2859157,0.1,-0.01,0.6,-10.703558495792095
8,22.222230911254883,22.222221,27.56,39.05513381958008,3.5536044,0.02914999984204769,0.4483823776245117,0.27265891113281254,2.0,0.0,0.0,0.0,0.1,-0.01,0.0,-13.58741762326099
9,22.222227096557617,22.222221,30.04,38.453182220458984,3.66833,0.02914999984204769,0.4665830731391907,0.7214392822265626,1.0,0.0,0.0,0.0,0.1,-0.01,0.0,-16.87176057267061
10,24.353069305419922,24.444445,32.5,39.1146125793457,1.602489,0.02914999984204769,0.44626641273498535,1.1047762939453127,1.0,0.0,0.0,0.0,0.1,0.8,0.0,-6.205058118215675
11,24.444355010986328,24.444445,34.66,38.614891052246094,2.1889575,0.02914999984204769,0.46064677834510803,1.3708668457031252,1.0,0.0,0.0,0.0,0.1,0.8,0.9,-9.688731995880516
12,22.272981643676758,22.222221,36.4,36.48885726928711,6.02301,0.02914999984204769,0.4753662943840027,1.5237303222656253,1.0,0.0,0.0,0.82617104,0.2,0.8,0.9,-21.098368612365448
13,24.43717384338379,24.444445,37.71,35.5278434753418,4.252506,0.02914999984204769,0.48331356048583984,1.5889234863281252,1.0,0.0,0.0,0.26806012,0.2,0.8,0.9,-8.538523892933881
14,24.444393157958984,24.444445,38.59,31.345006942749023,4.324764,0.02914999984204769,0.48738014698028564,1.5239806640625002,1.0,0.0,0.0,0.0,0.2,0.8,0.9,-11.206968382615742
15,24.444442749023438,24.444445,38.98,31.075265884399414,6.2494864,0.02914999984204769,0.48395487666130066,1.5229299316406253,1.0,0.0,0.0,0.7881785,0.2,0.8,0.9,-14.826468580726214
16,24.444448471069336,24.444445,38.86,28.381898880004883,6.715421,0.05866999924182892,0.47740474343299866,1.281688330078125,1.0,0.0,0.0,0.0,0.2,0.4,0.6,-17.85483503366413
17,24.44445037841797,24.444445,38.14,28.919755935668945,7.1343365,0.05866999924182892,0.47087666392326355,1.0056292236328126,2.0,0.0,0.0,0.0,0.2,0.7,0.6,-20.807896291898942
18,24.444448471069336,24.444445,36.8,27.193607330322266,7.4117136,0.05866999924182892,0.4654097259044647,0.6441363281250001,3.0,0.0,0.0,0.0,0.1,-0.01,0.0,-34.04011414313936
19,24.444448471069336,24.444445,34.76,26.044883728027344,6.479958,0.02914999984204769,0.46086615324020386,0.21441716308593756,3.0,0.0,0.0,0.0,0.1,-0.01,0.0,-35.13226886652774
20,24.444448471069336,24.444445,32.25,26.349384307861328,6.6779075,0.02914999984204769,0.4592851996421814,0.001850769424438477,3.0,0.0,0.0,1.4454218,0.1,-0.01,0.0,-31.90491083267625
21,24.444448471069336,24.444445,30.37,25.31788444519043,4.824585,0.02914999984204769,0.4611393213272095,0.0,3.0,0.0,0.0,0.08673763,0.1,-0.01,0.0,-28.542721188718133
22,24.4444522857666,24.444445,29.07,24.269132614135742,4.6763053,0.02914999984204769,0.4624672532081604,0.0,3.0,0.0,0.0,0.40106687,0.1,-0.01,0.6,-25.293654389974108
23,24.4444522857666,24.444445,27.98,25.261428833007812,3.477475,0.028929999098181725,0.44549447298049927,0.0,2.0,0.0,0.0,0.0,0.1,0.7,0.6,-21.147406201813283
24,24.444456100463867,24.444445,27.03,24.359739303588867,2.7738774,0.028929999098181725,0.42281100153923035,0.0,2.0,0.0,0.0,0.0,0.1,0.7,0.6,-16.96997513581664
1,23.427757263183594,23.333334,26.23,26.58136749267578,3.6083274,0.028929999098181725,0.40626493096351624,0.0,2.0,0.0,0.0,0.0,0.1,0.7,0.6,-22.34619923403079
2,22.267484664916992,22.222221,25.7,27.796445846557617,5.1327324,0.028929999098181725,0.36648687720298767,0.0,3.0,0.0,0.0,0.0,0.1,0.7,0.6,-29.293157649750356
3,22.223495483398438,22.222221,25.4,30.823986053466797,5.553279,0.028929999098181725,0.3564767837524414,0.0,3.0,0.0,0.0,1.2675964,0.1,0.7,0.6,-24.277866844218806
4,22.222408294677734,22.222221,25.18,32.956058502197266,3.8821292,0.028929999098181725,0.35176315903663635,0.0,3.0,0.0,0.0,0.0,0.1,0.7,0.6,-19.81255750534183
5,22.222238540649414,22.222221,24.9,34.738319396972656,3.1039352,0.028929999098181725,0.3547360897064209,0.0,3.0,0.0,0.0,0.0,0.1,0.7,0.6,-16.19652262912132
6,22.22223663330078,22.222221,24.73,36.11273193359375,2.7886612,0.028929999098181725,0.3650015890598297,0.0,3.0,0.0,0.0,0.0,0.1,-0.01,0.6,-13.58047217981948
7,22.222232818603516,22.222221,25.94,38.50203323364258,3.3168163,0.028929999098181725,0.3802168667316437,0.05789234619140626,3.0,0.0,0.0,0.6257059,0.1,-0.01,0.6,-14.364482842516736
8,22.222230911254883,22.222221,28.09,37.75281524658203,3.2653596,0.02914999984204769,0.3905980885028839,0.23360452880859378,2.0,0.0,0.0,0.0,0.1,-0.01,0.0,-16.531006484816317
9,22.773908615112305,22.777779,30.4,38.1225700378418,3.0449653,0.02914999984204769,0.3843882977962494,0.5959676513671877,1.0,0.0,0.0,0.0,0.1,-0.01,0.0,-14.546444222563878
10,24.397077560424805,24.444445,32.62,38.131805419921875,2.5517716,0.02914999984204769,0.3798466920852661,0.8909460205078126,1.0,0.0,0.0,0.8381653,0.1,0.8,0.0,-6.848113029322121
11,22.798059463500977,22.777779,34.62,38.20431137084961,4.240611,0.02914999984204769,0.40456822514533997,1.292881494140625,1.0,0.0,0.0,0.0,0.1,0.8,0.9,-23.775854257532046
12,24.398868560791016,24.444445,36.34,35.1984977722168,3.9976733,0.02914999984204769,0.42588141560554504,1.3956354492187502,1.0,0.0,0.0,0.780359,0.2,0.8,0.9,-6.976486905536149
13,22.280620574951172,22.222221,37.59,33.43251419067383,6.475743,0.02914999984204769,0.4405856728553772,1.5922048828125002,1.0,0.0,0.0,0.0,0.2,0.8,0.9,-27.84868616881795
14,24.43140411376953,24.444445,38.44,32.00278854370117,4.7233753,0.02914999984204769,0.45092326402664185,1.58147109375,1.0,0.0,0.0,0.0,0.2,0.8,0.9,-12.160110044238536
15,24.44426727294922,24.444445,38.69,30.499013900756836,5.011585,0.02914999984204769,0.45880386233329773,1.4352666503906253,1.0,0.0,0.0,0.0,0.2,0.8,0.9,-14.753468432205409
16,24.44443130493164,24.444445,38.5,27.726360321044922,6.0177307,0.05866999924182892,0.46096286177635193,1.3315757812500002,1.0,0.0,0.0,0.0,0.2,0.4,0.6,-17.448173894139472
17,24.444448471069336,24.444445,37.64,28.252262115478516,6.827946,0.05866999924182892,0.45898908376693726,1.0047166259765627,1.0,0.0,0.0,0.0,0.2,0.7,0.6,-18.959160462403815
18,25.93692398071289,25.944445,36.0,25.954265594482422,4.842237,0.05866999924182892,0.4575832784175873,0.5965774291992189,2.0,0.0,0.0,0.39969677,0.1,-0.01,0.0,-15.063305021325505
19,26.422685623168945,26.444445,33.82,25.298608779907227,3.4527884,0.02914999984204769,0.456453412771225,0.19861045532226568,3.0,0.0,0.0,0.0,0.1,-0.01,0.0,-12.130012139099563
20,24.52586555480957,24.444445,31.5,25.00948715209961,5.3030896,0.02914999984204769,0.44682472944259644,0.004815871238708497,3.0,0.0,0.0,0.47661874,0.1,-0.01,0.0,-28.522140929857414
21,24.445144653320312,24.444445,29.83,26.565378189086914,5.140685,0.02914999984204769,0.44482457637786865,0.0,3.0,0.0,0.0,0.0,0.1,-0.01,0.0,-24.96665160099292
22,22.37229347229004,22.222221,28.58,26.03977394104004,7.4309106,0.02914999984204769,0.44599291682243347,0.0,3.0,0.0,0.0,0.0,0.1,-0.01,0.6,-48.1075782567641
23,21.175289154052734,21.11111,27.54,25.02462387084961,8.87825,0.028929999098181725,0.4427768886089325,0.0,3.0,0.0,0.0,0.19984905,0.1,0.7,0.6,-58.29238386686484
24,21.65528678894043,21.666666,26.71,24.10704231262207,6.1541896,0.028929999098181725,0.44759616255760193,0.0,3.0,0.0,0.0,0.0,0.1,0.7,0.6,-43.089565767240856
1,23.31932258605957,23.333334,26.08,26.964984893798828,2.5096838,0.028929999098181725,0.45067381858825684,0.0,3.0,0.0,0.0,0.0,0.1,0.7,0.6,-18.126125000071625
2,23.721250534057617,23.722221,25.72,27.881874084472656,1.5414969,0.028929999098181725,0.4607425332069397,0.0,3.0,0.0,0.0,0.0,0.1,0.7,0.6,-11.438620474713389
3,24.4382266998291,24.444445,25.58,30.328065872192383,0.8061329,0.028929999098181725,0.46202775835990906,0.0,3.0,0.0,0.0,0.0,0.4,0.7,0.6,-16.840058801031482
4,24.444257736206055,24.444445,25.43,33.33708953857422,0.8248602,0.028929999098181725,0.46478426456451416,0.0,3.0,0.0,0.0,0.0,0.4,0.7,0.6,-25.775860575002877
5,24.44444465637207,24.444445,25.25,35.127647399902344,0.9007908,0.028929999098181725,0.4593392610549927,0.0,3.0,0.0,0.0,0.0,0.4,0.7,0.6,-49.484525976371245
6,24.44436264038086,24.444445,25.09,35.71990203857422,0.9891793,0.028929999098181725,0.46348151564598083,0.0,3.0,0.0,0.0,0.0,0.4,-0.01,0.6,-64.63139856579349
7,24.444448471069336,24.444445,26.12,37.15469741821289,1.1862988,0.028929999098181725,0.45746713876724243,0.07092797241210938,3.0,0.0,0.0,0.0,0.1,-0.01,0.6,-9.96778479695993
8,24.44445037841797,24.444445,28.0,38.48384475708008,2.6265156,0.028929999098181725,0.4475117623806,0.3086861938476563,3.0,0.0,0.0,1.1390791,0.1,-0.01,0.0,-1.8599560982782746
9,24.444454193115234,24.444445,30.24,39.68252944946289,2.834216,0.028929999098181725,0.43045574426651,0.7125468017578127,3.0,0.0,0.0,0.0,0.1,-0.01,0.0,-0.24115562438964844
10,24.444448471069336,24.444445,32.59,38.13814163208008,4.825505,0.028929999098181725,0.39502525329589844,1.0990943847656252,2.0,0.0,0.0,1.4451808,0.1,0.8,0.0,0.0
11,24.44445037841797,24.444445,34.78,38.849063873291016,5.813526,0.028929999098181725,0.3970421552658081,1.3854133300781253,2.0,0.0,0.0,1.074442,0.1,0.8,0.9,-1.8082895278930664
12,24.444448471069336,24.444445,36.65,36.80106735229492,5.4964147,0.028929999098181725,0.41758808493614197,1.5192333984375002,2.0,0.0,0.0,0.0,0.2,0.8,0.9,-1.2047613130162063
13,24.444448471069336,24.444445,38.1,33.91497802734375,5.9069247,0.028929999098181725,0.43201184272766113,1.6133418457031252,2.0,0.0,0.0,0.0,0.2,0.8,0.9,-3.044974675958656
14,24.44445037841797,24.444445,39.04,31.949932098388672,6.6570597,0.028929999098181725,0.4482474625110626,1.6009791503906252,2.0,0.0,0.0,0.19917957,0.2,0.8,0.9,-5.290952877989184
15,24.44445037841797,24.444445,39.38,29.818166732788086,7.5478673,0.028929999098181725,0.46424242854118347,1.4208036621093751,3.0,0.0,0.0,0.39832872,0.2,0.8,0.9,-8.197625877892278
16,24.444448471069336,24.444445,39.06,29.074867248535156,8.056875,0.028929999098181725,0.4688878059387207,1.1515256103515625,2.0,0.0,0.0,0.0,0.2,0.8,0.9,-10.30998489304693
17,24.444448471069336,24.444445,38.12,27.587387084960938,8.08699,0.028929999098181725,0.46979662775993347,0.8580509765625002,1.0,0.0,0.0,0.0,0.2,0.7,0.9,-11.430635717002588
18,24.444446563720703,24.444445,36.6,26.63821792602539,7.9708076,0.028929999098181725,0.4691696763038635,0.5076368774414063,2.0,0.0,0.0,0.19917998,0.1,-0.01,0.0,-20.141775160624093
19,25.047203063964844,25.055555,34.52,24.73146629333496,5.7145205,0.028929999098181725,0.465199738740921,0.18798002929687502,2.0,0.0,0.0,0.0,0.1,-0.01,0.0,-15.854078736043448
20,24.468618392944336,24.444445,31.98,24.25715446472168,5.1898575,0.028929999098181725,0.4658106863498688,0.005307669639587403,1.0,0.0,0.0,0.39835438,0.1,-0.01,0.0,-19.51172402303564
21,24.44485855102539,24.444445,29.92,23.229957580566406,4.5506926,0.028929999098181725,0.47032368183135986,0.0,1.0,0.0,0.0,0.19918,0.1,-0.01,0.0,-16.80915856460706
22,24.4444637298584,24.444445,28.48,23.91092300415039,4.043389,0.028929999098181725,0.4624136686325073,0.0,2.0,0.0,0.0,0.0,0.1,-0.01,0.6,-14.467767089376139
23,24.4444522857666,24.444445,27.27,24.590641021728516,3.268111,0.028929999098181725,0.44864800572395325,0.0,2.0,0.0,0.0,0.0,0.1,0.7,0.6,-11.6527103177541
